"['#제주도맛집추천', '#제주도맛집추천', '#돈사촌본점', '#제주흑돼지맛집', '#제주도흑돼지맛집', '#제주현지인맛집', '#제주도민맛집', '#제주공항근처맛집', '#제주시맛집', '#제주시내맛집', '#제주시흑돼지맛집', '#제주도흑돼지', '#좋반', '#좋아요반사']",2020-09-28,
"['#제주흑돼지맛집', '#제주도흑돼지맛집', '#제주흑돼지거리', '#제주도흑돼지거리', '#구제주맛집', '#제주도맛집추천', '#제주맛집여행', '#흑돼지오겹살', '#제주맛집베스트', '#제주맛집추천']",2020-10-07,
"['#제주흑돼지맛집', '#제주도흑돼지맛집', '#제주흑돼지거리', '#제주도흑돼지거리', '#구제주맛집', '#제주도맛집추천', '#제주맛집여행', '#흑돼지오겹살', '#제주맛집베스트', '#제주맛집추천']",2020-09-30,
"['#제주도해장국', '#제주도민맛집', '#서귀포해장국', '#모슬포맛집', '#서귀포도민맛집', '#서귀포맛집추천', '#제주도민맛집추천', '#제주도맛집추천', '#제주도아침식사']",2020-10-05,
"['#성산맛집', '#성산일출봉맛집', '#성산갈치조림맛집', '#성산갈치조림', '#제주도맛집추천', '#제주도통갈치조림', '#제주통갈치조림맛집', '#성산맛집추천', '#성산랍스터', '#제주랍스터']",2020-10-07,
"['#기원은갈치', '#제주중문맛집', '#제주갈치조림맛집', '#서귀포맛집', '#서귀포갈치조림맛집', '#제주중문갈치조림맛집', '#제주맛집추천', '#제주도갈치구이', '#서귀포여행', '#제주도갈치조림', '#맞팔', '#제주살이', '#중문갈치조림맛집', '#제주도맛집추천']",2020-10-06,
"['#제주흑돼지맛집', '#제주도흑돼지맛집', '#제주흑돼지거리', '#제주도흑돼지거리', '#구제주맛집', '#제주도맛집추천', '#제주맛집여행', '#흑돼지오겹살', '#제주맛집베스트', '#제주맛집추천']",2020-09-23,
"['#기원은갈치', '#감사합니다', '#재방문1위', '#다시찾는맛집', '#단골많은맛집', '#제주맛집', '#서귀포맛집', '#중문맛집', '#제주중문맛집', '#제주도맛집', '#제주서귀포맛집', '#제주갈치조림맛집', '#제주갈치조림', '#제주갈치', '#제주갈치구이', '#제주갈치맛집', '#제주갈치구이맛집', '#제주중문맛집추천', '#제주중문갈치조림', '#제주여행', '#제주맛집추천', '#제주도맛집추천']",2020-10-03,
"['#제주도횟집', '#제주횟집', '#모슬포맛집', '#제주고등어회', '#제주도고등어회', '#산방산맛집', '#제주도맛집추천', '#제주술집추천', '#제주횟집추천']",2020-10-02,
"['#참직한멜국수', '#제주참멜', '#제주공항근처', '#제주공항근처맛집', '#제주동문시장', '#제주동문시장맛집', '#제주고기국수', '#제주고기국수맛집', '#제주도고기국수', '#제주도고기국수맛집', '#제주도민맛집', '#제주신상맛집', '#참멜', '#멜맥', '#피맥', '#용담해안도로', '#제주혼밥', '#제주혼밥추천', '#제주멸치국수', '#멸치국수', '#국수맛집', '#구제주맛집', '#비빔국수', '#제주도맛집추천', '#제주시내맛집', '#제주도맛집', '#제주맛집']",2020-10-07,
"['#제주존맛식당', '#바다풍경횟집', '#제주시내맛집', '#제주바다풍경횟집', '#제주도맛집추천', '#제주도횟집추천', '#제주공항근처횟집', '#바다풍경횟집가다', '#제주도유명한맛집', '#제주도회포장', '#제주아이랑외식', '#제주바다풍경', '#제주가성비맛집']",2020-10-07,
"['#제주패스', '#제주맛집', '#제주도흑돼지맛집제주패스가', '#제주도민맛집', '#제주도맛집추천', '#제주흑돼지맛집추천', '#제주도맛집투어', '#제주도흑돼지구이추천', '#제주맛집여행', '#제주맛집코스', '#제이학센', '#난드르바당', '#흑돼지가있는풍경', '#마므레', '#함덕흑돼지연탄구이', '#제주홍돈', '#해성도뚜리', '#태성흑돈']",2020-10-07,환상의 섬 Jeju Island
"['#제주도민맛집', '#참직한멜국수진하게', '#제주참멜', '#제주공항근처', '#제주공항근처맛집', '#제주동문시장', '#제주동문시장맛집', '#제주고기국수', '#제주고기국수맛집', '#제주도고기국수', '#제주도고기국수맛집', '#제주신상맛집', '#참멜', '#멜맥', '#피맥', '#용담해안도로', '#제주멸치국수', '#제주혼밥', '#제주혼밥추천', '#구제주맛집', '#제주시내맛집', '#신상맛집', '#제주도맛집추천', '#제주맛집', '#비빔국수', '#잔치국수']",2020-10-07,
"['#제주도맛집', '#제주도흑돼지맛집까망돼지', '#제주도핫플', '#쇠소깍맛집', '#제주도흑돼지맛집까망돼지', '#제주도가볼만한곳', '#서귀포올레시장', '#제주먹방', '#올레시장맛집', '#제주도맛집추천', '#제주도핫플레이스', '#제주도맛집투어', '#중문흑돼지맛집', '#서귀포맛집', '#오설록맛집', '#제주이색맛집', '#제주도흑돼지맛집까망돼지', '#중문갈치조림맛집', '#제주맛집', '#제주맛집', '#서귀포맛집까망돼지']",2020-10-07,
"['#제주참멜', '#제주동문시장맛집', '#참직한멜국수', '#제주공항근처', '#제주공항근처맛집', '#제주동문시장', '#제주고기국수', '#제주고기국수맛집', '#제주도고기국수', '#제주도고기국수맛집', '#제주멸치국수', '#제주도민맛집', '#제주신상맛집', '#참멜', '#멜맥', '#피맥', '#용담해안도로', '#제주멸치국수', '#제주혼밥', '#제주혼밥추천', '#멸치국수', '#국수맛집', '#용담맛집', '#구제주맛집', '#잔치국수', '#제주도맛집추천']",2020-10-07,
"['#기원은갈치', '#중문맛집', '#제주중문맛집', '#서귀포맛집', '#중문가볼만한곳', '#제주도맛집추천', '#제주맛집여행', '#서귀포갈치조림맛집', '#서귀포', '#먹는즐거움', '#제주도']",2020-10-07,
"['#우도', '#비양도', '#제주도']",2020-10-07,우도 비양도
"['#제주참멜', '#제주도민맛집', '#참직한멜국수', '#제주참멜', '#제주공항근처', '#제주공항근처맛집', '#제주동문시장', '#제주동문시장맛집', '#제주고기국수', '#제주고기국수맛집', '#제주도고기국수', '#제주도고기국수맛집', '#제주신상맛집', '#참멜', '#멜맥', '#피맥', '#용담해안도로', '#제주멸치국수', '#제주혼밥', '#제주혼밥추천', '#용담맛집', '#제주도맛집추천', '#제주맛집', '#고기국수맛집', '#고기국수', '#구제주맛집', '#잔치국수']",2020-10-07,
"['#제주중문맛집', '#제주도흑돼지', '#제주함덕맛집', '#제주도고기국수', '#제주맛집탐방', '#제주도갈치조림', '#제주도맛집', '#서귀포맛집', '#제주도핫플', '#제주이색맛집', '#제주도갈치조림맛집', '#제주갈치조림맛집', '#제주도맛집추천', '#서귀포흑돼지맛집', '#서귀포고기국수맛집', '#중문맛집']",2020-10-07,
"['#마녀상회', '#제주산돼지고기', '#흑돼지근고기', '#백돼지근고기', '#맛집', '#제주', '#제주도', '#제주도맛집', '#서귀포맛집', '#제주도맛집추천', '#서귀포맛집추천', '#제주도흑돼지맛집', '#서귀포흑돼지맛집', '#제주도근고기', '#흑돼지맛집', '#제주마녀상회', '#제주가볼만한곳', '#서귀포가볼만한곳', '#제주도민맛집', '#도민추천맛집', '#제주도아이와가볼만한곳', '#제주아이와갈만한곳', '#제주반려견동반', '#제주애견동반식당', '#제주애견동반', '#제주추천맛집', '#제주추천코스']",2020-10-07,마녀상회
"['#마녀상회', '#제주산돼지고기', '#흑돼지근고기', '#백돼지근고기', '#맛집', '#제주', '#제주도', '#제주도맛집', '#서귀포맛집', '#제주도맛집추천', '#서귀포맛집추천', '#제주도흑돼지맛집', '#서귀포흑돼지맛집', '#제주도근고기', '#흑돼지맛집', '#제주마녀상회', '#제주가볼만한곳', '#서귀포가볼만한곳', '#제주도민맛집', '#도민추천맛집', '#제주도아이와가볼만한곳', '#제주아이와갈만한곳', '#제주반려견동반', '#제주애견동반식당', '#제주애견동반', '#제주추천맛집', '#제주추천코스']",2020-10-07,마녀상회
"['#제주동문시장맛집', '#참직한멜국수', '#참직한멜국수', '#제주참멜', '#제주공항근처', '#제주공항근처맛집', '#제주동문시장', '#제주동문시장맛집', '#제주고기국수', '#제주고기국수맛집', '#제주도고기국수', '#제주도고기국수맛집', '#제주도민맛집', '#제주신상맛집', '#참멜', '#멜맥', '#피맥', '#용담해안도로', '#제주혼밥', '#제주혼밥추천', '#제주멸치국수', '#고기국수', '#제주도맛집추천', '#신상맛집', '#제주시내맛집', '#고기국수맛집', '#제주시맛집']",2020-10-07,
"['#제주분식주소', '#전복김밥', '#돔베라면', '#돔베김밥', '#돔베덮밥', '#수제흑돈까스', '#제주맛집', '#제주도맛집', '#제주맛집추천', '#제주도맛집추천', '#제주공항근처맛집', '#제주공항맛집', '#제주도공항맛집', '#제주도공항근처맛집', '#제주공항근처아침식사', '#제주시맛집', '#제주도민맛집', '#신제주맛집', '#연동맛집', '#연동제주분식', '#애월맛집', '#제주맛가볼만한곳', '#제주여행']",2020-10-07,
"['#참직한멜국수', '#멜전', '#제주참멜', '#제주공항근처', '#제주공항근처맛집', '#제주동문시장', '#제주동문시장맛집', '#제주고기국수', '#제주고기국수맛집', '#제주도고기국수', '#제주도고기국수맛집', '#제주멸치국수', '#제주도민맛집', '#제주신상맛집', '#참멜', '#멜맥', '#피맥', '#용담해안도로', '#제주멸치국수', '#제주혼밥', '#제주혼밥추천', '#제주맛집추천', '#제주도맛집추천', '#제주맛집', '#고기국수맛집', '#구제주맛집', '#국수맛집']",2020-10-07,
"['#서귀포맛집', '#제주도핫플까망돼지', '#제주도맛집추천', '#중문맛집', '#제주이색맛집', '#제주도핫플레이스', '#중문갈치조림맛집', '#제주흑돼지맛집', '#중문흑돼지', '#제주도올레길까망돼지', '#제주도맛집', '#중문흑돼지맛집까망돼지', '#중문맛집까망돼지', '#쇠소깍맛집', '#제주흑돼지', '#제주도가볼만한곳까망돼지', '#서귀포맛집까망돼지', '#제주신화월드맛집', '#서귀포흑돼지까망돼지', '#제주오설록맛집', '#서귀포카페']",2020-10-07,
"['#참직한멜국수멜국수', '#제주참멜', '#제주공항근처', '#제주공항근처맛집', '#제주동문시장', '#제주동문시장맛집', '#제주고기국수', '#제주고기국수맛집', '#제주도고기국수', '#제주도고기국수맛집', '#제주도민맛집', '#제주신상맛집', '#참멜', '#멜맥', '#피맥', '#용담해안도로', '#제주혼밥', '#제주혼밥추천', '#제주멸치국수', '#제주맛집', '#제주맛집추천', '#도민맛집', '#신상맛집', '#제주도맛집추천', '#멸치국수']",2020-10-07,
[],2020-10-07,제주도
"['#맛집인증', '#제주도맛집추천', '#제주맛집인증', '#인생맛집', '#제주도여행', '#제주여행', '#제주도가볼만한곳', '#제주가볼만한곳', '#제주핫플추천', '#데이트', '#제주데이트', '#밥도둑', '#밥상', '#밥스타그램', '#제주도민', '#제주도민맛집', '#제주도민추천', '#먹방', '#제주로컬맛집', '#갈치조림맛집', '#갈치조림', '#해물탕맛집', '#해물탕', '#밥잘사주는예쁜누나', '#밥상스타그램', '#밥반찬', '#반찬', '#반찬스타그램', '#저녁뭐먹지', '#저녁식사']",2020-10-07,논짓물식당
"['#소금바치순이네', '#제주도맛집', '#돌문어볶음', '#제주도여행', '#고등어구이', '#제주도맛집추천']",2020-10-07,
"['#제주동문시장맛집', '#참직한멜국수비오는', '#제주참멜', '#제주공항근처', '#제주공항근처맛집', '#제주동문시장', '#제주고기국수', '#제주고기국수맛집', '#제주도고기국수', '#제주도고기국수맛집', '#제주도민맛집', '#제주신상맛집', '#참멜', '#멜맥', '#피맥', '#용담해안도로', '#제주멸치국수', '#제주혼밥', '#제주혼밥추천', '#비빔국수', '#도민맛집', '#제주맛집추천', '#신상맛집', '#구제주맛집', '#고기국수맛집', '#제주도맛집추천', '#잔치국수']",2020-10-07,
"['#제주갈치조림맛집', '#서귀포흑돼지맛집', '#제주도맛집추천', '#제주도가볼만한곳까망돼지', '#휴애리맛집', '#제주도가볼만한곳', '#중문맛집', '#제주도핫플레이스', '#제주중문맛집', '#중문맛집까망돼지', '#제주도카페', '#중문흑돼지맛집', '#서귀포카페', '#제주흑돼지맛집까망돼지', '#제주도맛집', '#제주맛집', '#제주오설록맛집', '#제주도고기국수맛집', '#서귀포맛집', '#제주도갈치조림맛집', '#제주흑돼지맛집']",2020-10-07,
"['#제주존맛식당', '#바다풍경횟집', '#제주도맛집추천', '#제주공항근처횟집', '#제주바다풍경횟집', '#제주시내맛집', '#제주도횟집추천', '#바다풍경횟집가다', '#제주공항도착', '#제주아이랑여행', '#제주라마다호텔맛집', '#제주도여행', '#제주찐맛집']",2020-10-07,
"['#참직한멜국수', '#멜전', '#제주참멜', '#제주공항근처', '#제주공항근처맛집', '#제주동문시장', '#제주동문시장맛집', '#제주고기국수', '#제주고기국수맛집', '#제주도고기국수', '#제주도고기국수맛집', '#제주멸치국수', '#제주도민맛집', '#제주신상맛집', '#참멜', '#멜맥', '#피맥', '#용담해안도로', '#제주멸치국수', '#제주혼밥', '#제주혼밥추천', '#비빔국수', '#제주맛집', '#신상맛집', '#제주도맛집', '#잔치국수', '#제주시내맛집', '#제주도맛집추천']",2020-10-07,
"['#중문해수욕장', '#서귀포올레길', '#제주도가볼만한곳까망돼지', '#제주이색맛집', '#제주도가볼만한곳', '#제주중문맛집', '#중문고기국수맛집', '#제주먹방', '#제주도맛집까망돼지', '#서귀포갈치조림맛집', '#서귀포돈내코맛집', '#중문맛집', '#제주흑돼지맛집까망돼지', '#제주도흑돼지맛집까망돼지', '#중문맛집', '#제주도카페', '#서귀포맛집추천', '#제주흑돼지', '#제주도맛집추천', '#제주도흑돼지', '#서귀포맛집까망돼지']",2020-10-07,
"['#제주도민맛집', '#참직한멜국수진하게', '#제주참멜', '#제주공항근처', '#제주공항근처맛집', '#제주동문시장', '#제주동문시장맛집', '#제주고기국수', '#제주고기국수맛집', '#제주도고기국수', '#제주도고기국수맛집', '#제주신상맛집', '#참멜', '#멜맥', '#피맥', '#용담해안도로', '#제주멸치국수', '#제주혼밥', '#제주혼밥추천', '#제주맛집', '#도민맛집', '#제주도맛집추천', '#용담맛집', '#구제주맛집']",2020-10-07,
"['#제주참멜', '#제주도민맛집', '#참직한멜국수', '#제주참멜', '#제주공항근처', '#제주공항근처맛집', '#제주동문시장', '#제주동문시장맛집', '#제주고기국수', '#제주고기국수맛집', '#제주도고기국수', '#제주도고기국수맛집', '#제주신상맛집', '#참멜', '#멜맥', '#피맥', '#용담해안도로', '#제주멸치국수', '#제주혼밥', '#제주혼밥추천', '#제주시내맛집', '#도민맛집', '#제주도맛집추천', '#신상맛집']",2020-10-07,
"['#제주도가볼만한곳', '#서귀포올레길', '#제주도커플여행', '#서귀포고기국수맛집', '#제주도흑돼지맛집까망돼지', '#중문맛집', '#서귀포올레시장맛집', '#제주도올레길까망돼지', '#제주도맛집까망돼지', '#제주중문맛집까망돼지', '#제주도이색맛집까망돼지', '#제주이색맛집까망돼지', '#제주맛집', '#제주중문맛집', '#제주도가볼만한곳', '#제주도맛집까망돼지', '#제주도맛집추천', '#제주오설록맛집', '#서귀포흑돼지맛집', '#제주도흑돼지맛집', '#중문맛집', '#제주도핫플']",2020-10-07,
"['#제주도고기국수맛집', '#참직한멜국수맥주보니', '#제주참멜', '#제주공항근처', '#제주공항근처맛집', '#제주동문시장', '#제주동문시장맛집', '#제주고기국수', '#제주고기국수맛집', '#제주도고기국수', '#제주도민맛집', '#제주신상맛집', '#참멜', '#멜맥', '#피맥', '#용담해안도로', '#제주멸치국수', '#제주혼밥', '#제주혼밥추천', '#신상맛집', '#제주도맛집추천', '#제주맛집추천', '#제주시맛집', '#고기국수', '#제주시내맛집', '#잔치국수']",2020-10-07,
"['#제주도핫플레이스', '#제주도흑돼지맛집', '#제주도맛집추천', '#오설록맛집', '#제주도갈치조림맛집', '#서귀포맛집', '#천제연폭포', '#제주이색맛집', '#제주고기국수맛집', '#중문흑돼지맛집까망돼지', '#중문흑돼지맛집', '#신화월드맛집', '#중문맛집', '#제주맛집', '#서귀포맛집추천', '#올레시장맛집', '#쇠소깍맛집', '#제주도핫플까망돼지', '#제주흑돼지맛집', '#서귀포흑돼지맛집', '#제주도고기국수맛집']",2020-10-07,
"['#기원은갈치', '#중문맛집', '#제주중문맛집', '#서귀포맛집', '#제주중문', '#제주도', '#먹스타그램꿈나무', '#제주도민맛집', '#제주도여행', '#제주맛집리스트', '#제주도맛집추천', '#제주맛집스타그램']",2020-10-07,
"['#마녀상회', '#제주산돼지고기', '#흑돼지근고기', '#백돼지근고기', '#맛집', '#제주', '#제주도', '#제주도맛집', '#서귀포맛집', '#제주도맛집추천', '#서귀포맛집추천', '#제주도흑돼지맛집', '#서귀포흑돼지맛집', '#제주도근고기', '#흑돼지맛집', '#제주마녀상회', '#제주가볼만한곳', '#서귀포가볼만한곳', '#제주도민맛집', '#도민추천맛집', '#제주도아이와가볼만한곳', '#제주아이와갈만한곳', '#제주반려견동반', '#제주애견동반식당', '#제주애견동반', '#제주추천맛집', '#제주추천코스']",2020-10-07,마녀상회
"['#마녀상회', '#제주산돼지고기', '#흑돼지근고기', '#백돼지근고기', '#맛집', '#제주', '#제주도', '#제주도맛집', '#서귀포맛집', '#제주도맛집추천', '#서귀포맛집추천', '#제주도흑돼지맛집', '#서귀포흑돼지맛집', '#제주도근고기', '#흑돼지맛집', '#제주마녀상회', '#제주가볼만한곳', '#서귀포가볼만한곳', '#제주도민맛집', '#도민추천맛집', '#제주도아이와가볼만한곳', '#제주아이와갈만한곳', '#제주반려견동반', '#제주애견동반식당', '#제주애견동반', '#제주추천맛집', '#제주추천코스']",2020-10-07,마녀상회
"['#제주참멜', '#제주도민맛집', '#참직한멜국수', '#제주참멜', '#제주공항근처', '#제주공항근처맛집', '#제주동문시장', '#제주동문시장맛집', '#제주고기국수', '#제주고기국수맛집', '#제주도고기국수', '#제주도고기국수맛집', '#제주신상맛집', '#참멜', '#멜맥', '#피맥', '#용담해안도로', '#제주멸치국수', '#제주혼밥', '#제주혼밥추천', '#신상맛집', '#멸치국수', '#제주맛집추천', '#제주도맛집추천', '#제주도맛집', '#잔치국수']",2020-10-07,
"['#마녀상회', '#제주산돼지고기', '#흑돼지근고기', '#백돼지근고기', '#맛집', '#제주', '#제주도', '#제주도맛집', '#서귀포맛집', '#제주도맛집추천', '#서귀포맛집추천', '#제주도흑돼지맛집', '#서귀포흑돼지맛집', '#제주도근고기', '#흑돼지맛집', '#제주마녀상회', '#제주가볼만한곳', '#서귀포가볼만한곳', '#제주도민맛집', '#도민추천맛집', '#제주도아이와가볼만한곳', '#제주아이와갈만한곳', '#제주반려견동반', '#제주애견동반식당', '#제주애견동반', '#제주추천맛집', '#제주추천코스']",2020-10-07,마녀상회
"['#마녀상회', '#제주산돼지고기', '#흑돼지근고기', '#백돼지근고기', '#맛집', '#제주', '#제주도', '#제주도맛집', '#서귀포맛집', '#제주도맛집추천', '#서귀포맛집추천', '#제주도흑돼지맛집', '#서귀포흑돼지맛집', '#제주도근고기', '#흑돼지맛집', '#제주마녀상회', '#제주가볼만한곳', '#서귀포가볼만한곳', '#제주도민맛집', '#도민추천맛집', '#제주도아이와가볼만한곳', '#제주아이와갈만한곳', '#제주반려견동반', '#제주애견동반식당', '#제주애견동반', '#제주추천맛집', '#제주추천코스']",2020-10-07,마녀상회
"['#마녀상회', '#제주산돼지고기', '#흑돼지근고기', '#백돼지근고기', '#맛집', '#제주', '#제주도', '#제주도맛집', '#서귀포맛집', '#제주도맛집추천', '#서귀포맛집추천', '#제주도흑돼지맛집', '#서귀포흑돼지맛집', '#제주도근고기', '#흑돼지맛집', '#제주마녀상회', '#제주가볼만한곳', '#서귀포가볼만한곳', '#제주도민맛집', '#도민추천맛집', '#제주도아이와가볼만한곳', '#제주아이와갈만한곳', '#제주반려견동반', '#제주애견동반식당', '#제주애견동반', '#제주추천맛집', '#제주추천코스']",2020-10-07,마녀상회
"['#제주참멜', '#제주동문시장맛집', '#참직한멜국수', '#제주공항근처', '#제주공항근처맛집', '#제주동문시장', '#제주고기국수', '#제주고기국수맛집', '#제주도고기국수', '#제주도고기국수맛집', '#제주멸치국수', '#제주도민맛집', '#제주신상맛집', '#참멜', '#멜맥', '#피맥', '#용담해안도로', '#제주멸치국수', '#제주혼밥', '#제주혼밥추천', '#제주맛집', '#제주맛집추천', '#제주도맛집추천', '#용담맛집', '#구제주맛집', '#도민맛집']",2020-10-07,
"['#제주고기국수맛집', '#제주중문맛집', '#서귀포맛집', '#제주중문맛집', '#제주성산', '#제주도국수', '#제주협재맛집', '#제주도맛집맛있수다', '#중문맛집', '#제주도갈치조림맛집', '#제주도맛집추천', '#제주도먹거리', '#서귀포고기국수맛집', '#제주도추천', '#제주도맛집', '#중문맛집']",2020-10-07,
"['#듀이트리', '#딥착토너', '#수분밀착', '#아쿠아딥무스팅토너']",2020-10-07,
"['#서귀포가볼만한곳', '#성산맛집', '#서귀포맛집', '#제주도고기국수', '#제주중문맛집', '#제주도맛집추천', '#제주이색맛집', '#중문맛집', '#제주도갈치조림', '#제주도갈치조림맛집', '#중문맛집', '#제주도국수', '#제주고기국수맛집', '#서귀포갈치조림맛집', '#제주도회국수', '#제주도맛집']",2020-10-07,
"['#제주도짬뽕', '#제주도맛집추천', '#제주도핫플', '#제주도가볼만한곳', '#서귀포갈치조림맛집', '#제주도흑돼지', '#제주도흑돼지', '#제주흑돼지맛집', '#서귀포맛집', '#제주중문맛집', '#제주도맛집', '#제주고기국수맛집', '#중문흑돼지맛집', '#제주도흑돼지맛집', '#제주맛집', '#중문맛집']",2020-10-07,
"['#참직한멜국수', '#제주참멜', '#제주공항근처', '#제주공항근처맛집', '#제주동문시장', '#제주동문시장맛집', '#제주고기국수', '#제주고기국수맛집', '#제주도고기국수', '#제주도고기국수맛집', '#제주도민맛집', '#제주신상맛집', '#참멜', '#멜맥', '#피맥', '#용담해안도로', '#제주혼밥', '#제주혼밥추천', '#제주멸치국수', '#제주도맛집추천', '#고기국수', '#구제주맛집', '#제주맛집', '#비빔국수', '#잔치국수', '#신상맛집']",2020-10-07,
"['#바다풍경횟집', '#바다풍경횟집가다', '#제주존맛식당', '#제주공항근처횟집', '#제주도횟집추천', '#제주바다풍경횟집', '#제주도맛집추천', '#제주시내맛집', '#제주맛집추천', '#제주도유명한맛집', '#제주도여행', '#제주신라스테이맛집', '#제주수요미식회맛집']",2020-10-07,
[],2020-10-07,
"['#용담해안도로', '#제주도민맛집', '#참직한멜국수생면으로', '#제주참멜', '#제주공항근처', '#제주공항근처맛집', '#제주동문시장', '#제주동문시장맛집', '#제주고기국수', '#제주고기국수맛집', '#제주도고기국수', '#제주도고기국수맛집', '#제주신상맛집', '#참멜', '#멜맥', '#피맥', '#용담해안도로', '#제주멸치국수', '#제주혼밥', '#제주혼밥추천', '#제주도맛집추천', '#국수맛집', '#도민맛집', '#제주도맛집', '#비빔국수']",2020-10-07,
[],2020-10-07,
"['#제주분식', '#제주맛집', '#제주도맛집', '#제주맛집추천', '#제주도맛집추천', '#제주도', '#제주맛집', '#용두암', '#신제주맛집', '#연동맛집', '#제주연동맛집', '#애월맛집', '#연동제주분식', '#제주공항근처맛집', '#제주공항맛집', '#돔베김밥', '#전복김밥', '#제주돈까스', '#jeju', '#제주도가볼만한곳']",2020-10-07,
[],2020-10-07,
"['#참직한멜국수', '#제주참멜', '#제주공항근처', '#제주공항근처맛집', '#제주동문시장', '#제주동문시장맛집', '#제주고기국수', '#제주고기국수맛집', '#제주도고기국수', '#제주도고기국수맛집', '#제주멸치국수', '#제주도민맛집', '#제주신상맛집', '#참멜', '#멜맥', '#피맥', '#용담해안도로', '#제주멸치국수', '#제주혼밥', '#제주혼밥추천', '#비빔국수', '#구제주맛집', '#고기국수', '#제주도맛집추천', '#국수맛집']",2020-10-07,
"['#제주도흑돼지맛집까망돼지', '#중문흑돼지맛집', '#제주도가볼만한곳', '#제주도흑돼지', '#중문관광단지맛집', '#제주이색맛집', '#제주도맛집추천', '#제주도핫플레이스', '#중문맛집', '#서귀포갈치조림맛집', '#제주도이색맛집까망돼지', '#제주이색맛집까망돼지', '#제주도흑돼지맛집', '#제주도갈치조림맛집', '#제주맛집', '#제주도고기국수맛집', '#제주도카페', '#제주도맛집베스트', '#제주도가볼만한곳', '#제주맛집', '#서귀포올레시장맛집', '#천제연폭포']",2020-10-07,
"['#제주가성비맛집', '#제주돈구어방문', '#제주월정리맛집', '#제주돈구어', '#제주세화맛집', '#제주세화해변맛집', '#제주구좌읍맛집', '#돈구어', '#제주세화해수욕장', '#제주도흑돼지', '#제주도맛집추천', '#제주해안도로맛집', '#제주오빠랑', '#제주도신혼여행']",2020-10-07,
"['#성산제주뚝배기', '#제주맛집', '#제주도맛집', '#서귀포맛집', '#제주서귀포맛집', '#제주도조식', '#제주조식', '#제주도가볼만한곳', '#제주가볼만한곳', '#성산맛집', '#성산일출봉조식', '#성산조식', '#제주성산맛집', '#성산일출봉맛집', '#제주성산일출봉맛집', '#고희의정원', '#성산읍맛집', '#광치기해변맛집', '#성산일출봉맛집추천', '#제주성산맛집추천', '#제주도맛집추천', '#제주맛집추천', '#제주성게맛집', '#고흐의정원', '#스누피정원', '#성산일출봉혼밥', '#성산혼밥', '#백약이오름', '#섭지코지맛집']",2020-10-07,제주뚝배기
"['#참직한멜국수', '#멜전', '#제주참멜', '#제주공항근처', '#제주공항근처맛집', '#제주동문시장', '#제주동문시장맛집', '#제주고기국수', '#제주고기국수맛집', '#제주도고기국수', '#제주도고기국수맛집', '#제주멸치국수', '#제주도민맛집', '#제주신상맛집', '#참멜', '#멜맥', '#피맥', '#용담해안도로', '#제주멸치국수', '#제주혼밥', '#제주혼밥추천', '#비빔국수', '#제주도맛집추천', '#제주도맛집', '#제주시맛집', '#용담맛집', '#국수맛집']",2020-10-07,
"['#제주맛집', '#제주맛집까망돼지', '#서귀포카페', '#제주도흑돼지맛집까망돼지', '#제주흑돼지맛집', '#서귀포맛집까망돼지', '#제주도핫플레이스', '#서귀포흑돼지맛집', '#제주맛집', '#서귀포가볼만한곳까망돼지', '#제주도맛집', '#중문흑돼지맛집', '#제주도가볼만한곳', '#제주먹방', '#서귀포흑돼지맛집', '#제주이색맛집', '#제주도흑돼지맛집', '#제주중문맛집까망돼지', '#중문흑돼지맛집', '#제주흑돼지맛집', '#제주도맛집추천', '#제주도가볼만한곳까망돼지']",2020-10-07,
"['#참직한멜국수멜국수', '#제주도민맛집', '#제주참멜', '#제주공항근처', '#제주공항근처맛집', '#제주동문시장', '#제주동문시장맛집', '#제주고기국수', '#제주고기국수맛집', '#제주도고기국수', '#제주도고기국수맛집', '#제주도민맛집', '#제주신상맛집', '#참멜', '#멜맥', '#피맥', '#용담해안도로', '#제주혼밥', '#제주혼밥추천', '#제주멸치국수', '#도민맛집', '#제주도맛집추천', '#제주시맛집', '#신상맛집', '#멸치국수', '#국수맛집', '#제주도맛집']",2020-10-07,
"['#로맨틱새우', '#제주도맛집', '#제주맛집', '#애월맛집', '#곽지맛집', '#한담맛집']",2020-10-07,제주도 곽지해수욕장
"['#제주도고기국수맛집', '#참직한멜국수맥주보니', '#제주참멜', '#제주공항근처', '#제주공항근처맛집', '#제주동문시장', '#제주동문시장맛집', '#제주고기국수', '#제주고기국수맛집', '#제주도고기국수', '#제주도민맛집', '#제주신상맛집', '#참멜', '#멜맥', '#피맥', '#용담해안도로', '#제주멸치국수', '#제주혼밥', '#제주혼밥추천', '#제주맛집', '#제주도맛집추천', '#잔치국수', '#멸치국수', '#제주맛집추천', '#제주도맛집']",2020-10-07,
"['#제주흑돼지맛집까망돼지', '#제주도맛집', '#쇠소깍맛집', '#제주도맛집추천', '#서귀포맛집', '#서귀포올레길까망돼지', '#제주도이색맛집까망돼지', '#제주이색맛집까망돼지', '#오설록맛집', '#서귀포고기국수맛집', '#제주도이색맛집', '#중문갈치조림맛집', '#중문흑돼지맛집까망돼지', '#서귀포흑돼지맛집', '#제주도흑돼지맛집', '#제주도흑돼지맛집까망돼지', '#제주도흑돼지맛집', '#제주먹방', '#제주맛집', '#중문흑돼지맛집', '#제주근고기맛집', '#서귀포가볼만한곳']",2020-10-07,
"['#애월찜', '#애월맛집', '#제주맛집', '#제주도맛집']",2020-10-07,애월해안도로
"['#용담해안도로', '#제주도민맛집', '#참직한멜국수생면으로', '#제주참멜', '#제주공항근처', '#제주공항근처맛집', '#제주동문시장', '#제주동문시장맛집', '#제주고기국수', '#제주고기국수맛집', '#제주도고기국수', '#제주도고기국수맛집', '#제주신상맛집', '#참멜', '#멜맥', '#피맥', '#용담해안도로', '#제주멸치국수', '#제주혼밥', '#제주혼밥추천', '#잔치국수', '#제주도맛집추천', '#고기국수맛집', '#도민맛집']",2020-10-07,
"['#서귀포맛집추천', '#중문고기국수맛집', '#제주도흑돼지맛집', '#제주도맛집베스트', '#중문맛집', '#제주도가볼만한곳', '#제주도핫플', '#제주도맛집추천', '#중문맛집', '#제주도여행코스', '#제주도올레길까망돼지', '#제주맛집', '#중문맛집', '#제주도흑돼지맛집까망돼지', '#제주맛집', '#서귀포흑돼지맛집', '#서귀포돈내코맛집', '#제주도맛집투어', '#서귀포맛집까망돼지', '#서귀포올레길까망돼지', '#제주중문맛집']",2020-10-07,
"['#제주신상맛집', '#참직한멜국수', '#제주참멜', '#제주공항근처', '#제주공항근처맛집', '#제주동문시장', '#제주동문시장맛집', '#제주고기국수', '#제주고기국수맛집', '#제주도고기국수', '#제주도고기국수맛집', '#제주도민맛집', '#참멜', '#멜맥', '#피맥', '#용담해안도로', '#제주멸치국수', '#제주혼밥', '#제주혼밥추천', '#제주시내맛집', '#제주맛집', '#제주도맛집', '#용담맛집', '#제주도맛집추천', '#고기국수', '#도민맛집']",2020-10-07,
"['#갈치조림', '#전복죽', '#성게미역국싱싱한', '#성산일출봉맛집', '#성산일출봉갈치조림', '#제주도현지인맛집', '#광치기해변', '#섭지코지', '#제주성산맛집', '#성산일출봉전복죽', '#제주성산일출봉맛집', '#제주도성산일출봉맛집', '#제주도현지인맛집', '#표선맛집', '#성산일출봉갈치', '#성산일출봉혼밥', '#성산일출봉아침식사', '#성산일출봉', '#제주현지인맛집', '#제주도민맛집', '#제주도맛집추천', '#제주현지맛집']",2020-10-07,제주도 성산일출봉
"['#갈치조림', '#전복죽', '#성게미역국싱싱한', '#성산일출봉맛집', '#성산일출봉갈치조림', '#제주도현지인맛집', '#광치기해변', '#섭지코지', '#제주성산맛집', '#성산일출봉전복죽', '#제주성산일출봉맛집', '#제주도성산일출봉맛집', '#제주도현지인맛집', '#표선맛집', '#성산일출봉갈치', '#성산일출봉혼밥', '#성산일출봉아침식사', '#성산일출봉', '#제주현지인맛집', '#제주도민맛집', '#제주도맛집추천', '#제주현지맛집']",2020-10-07,제주도 성산일출봉
"['#서귀포갈치조림맛집', '#제주도맛집', '#제주맛집탐방', '#서귀포흑돼지맛집', '#제주도핫플', '#제주협재맛집', '#제주도흑돼지', '#제주도가볼만한곳', '#제주도갈치조림', '#서귀포맛집', '#제주중문맛집', '#제주도맛집추천', '#제주도고기국수맛집', '#중문맛집', '#제주도흑돼지', '#제주도맛집']",2020-10-07,
"['#문화통닭', '#제주문화통닭', '#제주성산', '#제주맛집', '#제주성산맛집', '#제주성산치킨', '#제주치킨', '#제주맛집추천', '#제주맛집소개', '#제주도맛집', '#제주도맛집추천', '#제주도여행', '#제주여행', '#제주살이', '#맛집소개', '#맛집추천', '#맛집', '#제주도', '#제주', '#치킨제주']",2020-10-07,
"['#제주시내맛집', '#제주도맛집추천', '#제주바다풍경횟집', '#제주도횟집추천', '#바다풍경횟집가다', '#바다풍경횟집', '#제주공항근처횟집', '#제주존맛식당', '#제주도신혼여행코스', '#제주도여행', '#제주도신혼여행부부코스', '#제주라마다호텔맛집', '#제주도회포장']",2020-10-07,
"['#해왓', '#제주해왓', '#제주맛집', '#제주도맛집', '#물회', '#전복물회', '#제주맛집추천', '#제주도맛집추천', '#제주맛집소개', '#제주식당', '#제주성산맛집', '#제주성산', '#제주도여행', '#제주여행', '#제주도', '#제주', '#맛집', '#맛집소개']",2020-10-07,
[],2020-10-07,
[],2020-10-07,
"['#올레시장맛집', '#제주도가볼만한곳', '#중문흑돼지', '#서귀포맛집까망돼지', '#제주중문맛집까망돼지', '#제주도흑돼지', '#제주이색맛집', '#제주도가볼만한곳까망돼지', '#제주도올레길까망돼지', '#중문갈치조림맛집', '#중문고기국수맛집', '#제주도맛집', '#서귀포올레길', '#중문맛집', '#중문맛집', '#제주갈치조림맛집', '#서귀포맛집추천', '#제주중문맛집', '#제주도핫플레이스', '#제주도고기국수맛집', '#제주도맛집추천']",2020-10-07,
"['#운정맛집', '#섭지코지맛집', '#원숭이띠맘', '#제주도맛집추천', '#광안리카페']",2020-10-07,
"['#금호동마사지', '#여행일기', '#힐링여행', '#제주도맛집추천', '#태교여행', '#소통해요', '#전주맛집', '#호매실마사지', '#자극사진', '#합천마사지', '#황소곱창', '#곱창', '#세젤예', '#사진가', '#갈비찜', '#우정사진', '#중문맛집', '#오늘의일기', '#라인슈']",2020-10-07,
"['#제주동문시장맛집', '#참직한멜국수비오는', '#제주참멜', '#제주공항근처', '#제주공항근처맛집', '#제주동문시장', '#제주고기국수', '#제주고기국수맛집', '#제주도고기국수', '#제주도고기국수맛집', '#제주도민맛집', '#제주신상맛집', '#참멜', '#멜맥', '#피맥', '#용담해안도로', '#제주멸치국수', '#제주혼밥', '#제주혼밥추천', '#제주도맛집추천', '#제주맛집', '#잔치국수', '#용담맛집']",2020-10-07,
"['#제주도카페', '#제주도핫플레이스', '#중문맛집', '#제주도맛집추천', '#제주중문맛집', '#제주흑돼지', '#제주도올레길까망돼지', '#중문맛집', '#제주도올레길', '#제주도가볼만한곳', '#서귀포흑돼지', '#중문갈치조림맛집', '#서귀포올레시장맛집', '#중문흑돼지맛집까망돼지', '#서귀포가볼만한곳까망돼지', '#제주도맛집', '#서귀포맛집까망돼지', '#제주도흑돼지맛집까망돼지', '#서귀포맛집', '#제주맛집', '#제주도흑돼지맛집까망돼지', '#서귀포맛집']",2020-10-07,
"['#제주도민맛집', '#참직한멜국수', '#제주참멜', '#제주공항근처', '#제주공항근처맛집', '#제주동문시장', '#제주동문시장맛집', '#제주고기국수', '#제주고기국수맛집', '#제주도고기국수', '#제주도고기국수맛집', '#제주멸치국수', '#제주신상맛집', '#참멜', '#멜맥', '#피맥', '#용담해안도로', '#제주멸치국수', '#제주혼밥', '#제주혼밥추천', '#고기국수맛집', '#멸치국수', '#잔치국수', '#제주맛집', '#고기국수', '#제주도맛집추천', '#도민맛집', '#제주시맛집']",2020-10-07,
"['#중문해수욕장', '#서귀포고기국수맛집', '#제주도맛집베스트', '#제주갈치조림맛집', '#서귀포가볼만한곳', '#제주도커플여행', '#중문흑돼지맛집까망돼지', '#제주도흑돼지맛집', '#제주오설록맛집', '#제주도이색맛집까망돼지', '#제주이색맛집까망돼지', '#제주도맛집추천', '#서귀포흑돼지맛집', '#제주도핫플레이스', '#제주흑돼지맛집', '#서귀포흑돼지맛집', '#제주흑돼지맛집까망돼지', '#제주맛집', '#휴애리맛집', '#제주도점심', '#제주도흑돼지', '#중문관광단지맛집']",2020-10-07,
"['#제주맛집', '#제주도맛집', '#제주맛집추천', '#제주도맛집추천', '#제주카페', '#제주도카페', '#애월맛집', '#애월카페', '#오설록맛집', '#한림맛집', '#협재맛집', '#협재카페', '#제주시맛집', '#제주도민맛집', '#전복장', '#딱새우장', '#제주가족여행', '#제주우정여행', '#제주혼밥', '#제주도혼밥', '#협재혼밥', '#애월혼밥', '#한림혼밥', '#제주커플여행']",2020-10-07,
"['#제주도민맛집', '#참직한멜국수진하게', '#제주참멜', '#제주공항근처', '#제주공항근처맛집', '#제주동문시장', '#제주동문시장맛집', '#제주고기국수', '#제주고기국수맛집', '#제주도고기국수', '#제주도고기국수맛집', '#제주신상맛집', '#참멜', '#멜맥', '#피맥', '#용담해안도로', '#제주멸치국수', '#제주혼밥', '#제주혼밥추천', '#고기국수', '#고기국수맛집', '#비빔국수', '#제주도맛집추천', '#제주맛집추천']",2020-10-07,
"['#제주도맛집', '#중문흑돼지맛집', '#제주핫플레이스', '#제주도여행', '#서귀포맛집', '#제주가볼만한곳', '#중문맛집', '#제주도맛집추천', '#제주도먹거리', '#제주도맛집', '#제주도핫플', '#제주도고기국수맛집', '#제주함덕맛집', '#제주중문맛집', '#제주도갈치조림', '#서귀포흑돼지맛집']",2020-10-07,
"['#용담해안도로', '#제주도민맛집', '#참직한멜국수생면으로', '#제주참멜', '#제주공항근처', '#제주공항근처맛집', '#제주동문시장', '#제주동문시장맛집', '#제주고기국수', '#제주고기국수맛집', '#제주도고기국수', '#제주도고기국수맛집', '#제주신상맛집', '#참멜', '#멜맥', '#피맥', '#용담해안도로', '#제주멸치국수', '#제주혼밥', '#제주혼밥추천', '#제주도맛집추천', '#고기국수', '#도민맛집', '#신상맛집', '#용담맛집', '#구제주맛집', '#제주맛집추천']",2020-10-07,
"['#민블리네_제주', '#제주도첫끼', '#성공적']",2020-10-07,
"['#제주동문시장맛집', '#참직한멜국수비오는', '#제주참멜', '#제주공항근처', '#제주공항근처맛집', '#제주동문시장', '#제주고기국수', '#제주고기국수맛집', '#제주도고기국수', '#제주도고기국수맛집', '#제주도민맛집', '#제주신상맛집', '#참멜', '#멜맥', '#피맥', '#용담해안도로', '#제주멸치국수', '#제주혼밥', '#제주혼밥추천', '#구제주맛집', '#제주도맛집추천', '#신상맛집', '#국수맛집', '#도민맛집']",2020-10-07,
"['#로드129', '#애월맛집', '#제주맛집', '#애월가볼만한곳', '#제주공항근처맛집', '#애월항', '#애월해안도로맛집', '#오설록', '#산방산', '#제주도맛집추천', '#제주여행', '#제주도여행', '#제주도', '#제주도카페', '#협재맛집', '#애월돈까스', '#한림맛집', '#신창풍차해안도로', '#이호테우해변', '#새별오름', '#곽지해수욕장맛집', '#제주공항맛집', '#협재해수욕장맛집', '#카멜리아힐', '#애월', '#road129', '#협재해수욕장']",2020-10-07,Jeju
"['#참직한멜국수', '#제주참멜', '#제주공항근처', '#제주공항근처맛집', '#제주동문시장', '#제주동문시장맛집', '#제주고기국수', '#제주고기국수맛집', '#제주도고기국수', '#제주도고기국수맛집', '#제주도민맛집', '#제주신상맛집', '#참멜', '#멜맥', '#피맥', '#용담해안도로', '#제주혼밥', '#제주혼밥추천', '#제주멸치국수', '#제주맛집', '#고기국수맛집', '#국수맛집', '#제주도맛집', '#제주도맛집추천', '#비빔국수', '#제주시내맛집', '#잔치국수']",2020-10-07,
['#월급만큼_버는_부업이_있다구'],2020-10-07,
"['#제주도민맛집', '#참직한멜국수진하게', '#제주참멜', '#제주공항근처', '#제주공항근처맛집', '#제주동문시장', '#제주동문시장맛집', '#제주고기국수', '#제주고기국수맛집', '#제주도고기국수', '#제주도고기국수맛집', '#제주신상맛집', '#참멜', '#멜맥', '#피맥', '#용담해안도로', '#제주멸치국수', '#제주혼밥', '#제주혼밥추천', '#제주맛집', '#제주시맛집', '#제주도맛집추천', '#용담맛집', '#신상맛집']",2020-10-07,
"['#훈이네해장국', '#제주훈이네해장국', '#제주식당', '#제주맛집', '#제주도맛집', '#제주해장국', '#해장국', '#제주맛집추천', '#제주맛집소개', '#맛집소개', '#맛집추천', '#맛집', '#제주도맛집추천', '#제주도여행', '#제주여행', '#제주살이', '#제주도', '#제주']",2020-10-07,
"['#제주도맛집까망돼지', '#제주도맛집', '#중문흑돼지', '#서귀포갈치조림맛집', '#중문맛집', '#제주도이색맛집', '#서귀포올레시장맛집', '#제주도가족여행', '#서귀포흑돼지까망돼지', '#중문관광단지맛집', '#제주도흑돼지맛집까망돼지', '#서귀포올레길까망돼지', '#제주도고기국수맛집', '#중문해수욕장', '#제주맛집', '#제주도여행코스', '#제주도핫플까망돼지', '#제주신라호텔맛집', '#제주도맛집추천', '#제주도갈치조림맛집', '#중문흑돼지맛집까망돼지']",2020-10-07,
"['#돔베고기', '#신메뉴', '#제주분식제주시', '#제주도공항맛집', '#제주맛집', '#제주도맛집추천', '#제주떡볶이', '#제주돈까스', '#돔베김밥', '#돔베라면', '#제주시맛집', '#신제주맛집', '#연동제주분식', '#제주연동맛집', '#제주가볼만한곳', '#노형동맛집', '#맛스타그램', '#데일리']",2020-10-07,
"['#서귀포맛집까망돼지', '#서귀포흑돼지맛집', '#중문해수욕장', '#제주도맛집추천', '#중문맛집', '#제주도흑돼지맛집까망돼지', '#제주중문맛집', '#제주도갈치조림맛집', '#중문맛집', '#서귀포가볼만한곳까망돼지', '#제주도맛집', '#서귀포갈치조림맛집', '#서귀포가볼만한곳', '#제주도여행코스', '#제주신라호텔맛집', '#서귀포돈내코맛집', '#제주도핫플', '#제주흑돼지맛집', '#색달해수욕장', '#중문맛집', '#제주도맛집까망돼지', '#제주흑돼지']",2020-10-07,
"['#서귀포맛집', '#중문맛집', '#제주통갈치조림', '#제주도통갈치조림맛집', '#제주도향토음식점', '#제주돔베고기', '#제주도돈까스', '#제주도정식', '#제주도가족여행', '#제주도맛집추천', '#중문갈치조림']",2020-10-07,
"['#마녀상회', '#제주산돼지고기', '#흑돼지근고기', '#백돼지근고기', '#맛집', '#제주', '#제주도', '#제주도맛집', '#서귀포맛집', '#제주도맛집추천', '#서귀포맛집추천', '#제주도흑돼지맛집', '#서귀포흑돼지맛집', '#제주도근고기', '#흑돼지맛집', '#제주마녀상회', '#제주가볼만한곳', '#서귀포가볼만한곳', '#제주도민맛집', '#도민추천맛집', '#제주도아이와가볼만한곳', '#제주아이와갈만한곳', '#제주반려견동반', '#제주애견동반식당', '#제주애견동반', '#제주추천맛집', '#제주추천코스']",2020-10-07,마녀상회
"['#마녀상회', '#제주산돼지고기', '#흑돼지근고기', '#백돼지근고기', '#맛집', '#제주', '#제주도', '#제주도맛집', '#서귀포맛집', '#제주도맛집추천', '#서귀포맛집추천', '#제주도흑돼지맛집', '#서귀포흑돼지맛집', '#제주도근고기', '#흑돼지맛집', '#제주마녀상회', '#제주가볼만한곳', '#서귀포가볼만한곳', '#제주도민맛집', '#도민추천맛집', '#제주도아이와가볼만한곳', '#제주아이와갈만한곳', '#제주반려견동반', '#제주애견동반식당', '#제주애견동반', '#제주추천맛집', '#제주추천코스']",2020-10-07,마녀상회
"['#마녀상회', '#제주산돼지고기', '#흑돼지근고기', '#백돼지근고기', '#맛집', '#제주', '#제주도', '#제주도맛집', '#서귀포맛집', '#제주도맛집추천', '#서귀포맛집추천', '#제주도흑돼지맛집', '#서귀포흑돼지맛집', '#제주도근고기', '#흑돼지맛집', '#제주마녀상회', '#제주가볼만한곳', '#서귀포가볼만한곳', '#제주도민맛집', '#도민추천맛집', '#제주도아이와가볼만한곳', '#제주아이와갈만한곳', '#제주반려견동반', '#제주애견동반식당', '#제주애견동반', '#제주추천맛집', '#제주추천코스']",2020-10-07,마녀상회
"['#제주참멜', '#제주도민맛집', '#참직한멜국수', '#제주참멜', '#제주공항근처', '#제주공항근처맛집', '#용담해안도로', '#제주동문시장', '#제주동문시장맛집', '#제주고기국수', '#제주고기국수맛집', '#제주도고기국수', '#제주도고기국수맛집', '#제주멸치국수', '#제주신상맛집', '#제주혼밥', '#제주혼밥추천', '#참멜', '#멜맥', '#피맥', '#신상맛집', '#멸치국수', '#제주맛집추천', '#제주맛집', '#고기국수', '#비빔국수', '#제주도맛집추천', '#고기국수맛집']",2020-10-07,
"['#인생짬뽕', '#이게휴가지']",2020-10-07,The Shilla Jeju
"['#제주신상맛집', '#참직한멜국수', '#제주참멜', '#제주공항근처', '#제주공항근처맛집', '#용담해안도로', '#제주동문시장', '#제주동문시장맛집', '#제주고기국수', '#제주고기국수맛집', '#제주도고기국수', '#제주도고기국수맛집', '#제주멸치국수', '#제주도민맛집', '#제주혼밥', '#제주혼밥추천', '#참멜', '#멜맥', '#피맥', '#제주도맛집', '#제주시맛집', '#신상맛집', '#도민맛집', '#제주도맛집추천', '#용담맛집', '#제주맛집', '#제주맛집추천']",2020-10-07,
"['#서귀포가볼만한곳', '#제주맛집', '#제주도흑돼지', '#제주가볼만한곳', '#제주도맛집추천', '#제주도맛집맛있수다', '#제주성산맛집', '#제주협재맛집', '#중문맛집', '#제주중문맛집', '#제주갈치조림맛집', '#제주도먹방', '#제주도맛집', '#중문고기국수맛집', '#서귀포맛집', '#서귀포흑돼지맛집']",2020-10-07,
"['#제주바다풍경횟집', '#제주시내맛집', '#제주도횟집추천', '#바다풍경횟집', '#제주존맛식당', '#바다풍경횟집가다', '#제주공항근처횟집', '#제주도맛집추천', '#제주도신혼여행부부코스', '#제주아이랑외식', '#제주횟집추천', '#제주수요미식회맛집', '#제주도존맛']",2020-10-07,
"['#제주도민맛집', '#참직한멜국수', '#제주참멜', '#제주공항근처', '#제주공항근처맛집', '#용담해안도로', '#제주동문시장', '#제주동문시장맛집', '#제주고기국수', '#제주고기국수맛집', '#제주도고기국수', '#제주도고기국수맛집', '#제주멸치국수', '#제주신상맛집', '#제주혼밥', '#제주혼밥추천', '#참멜', '#멜맥', '#피맥', '#도민맛집', '#용담맛집', '#제주맛집추천', '#제주도맛집추천', '#멸치국수', '#제주시맛집', '#국수맛집', '#고기국수맛집']",2020-10-07,
"['#용담해안도로', '#제주도민맛집', '#참직한멜국수생면으로', '#제주참멜', '#제주공항근처', '#제주공항근처맛집', '#제주동문시장', '#제주동문시장맛집', '#제주고기국수', '#제주고기국수맛집', '#제주도고기국수', '#제주도고기국수맛집', '#제주멸치국수', '#제주신상맛집', '#제주혼밥', '#제주혼밥추천', '#참멜', '#멜맥', '#피맥', '#구제주맛집', '#고기국수', '#제주도맛집추천', '#제주시내맛집', '#국수맛집', '#비빔국수', '#제주맛집추천', '#도민맛집']",2020-10-07,
"['#제주도맛집베스트', '#서귀포맛집까망돼지', '#제주흑돼지맛집', '#제주더본호텔맛집', '#제주중문맛집까망돼지', '#서귀포가볼만한곳까망돼지', '#제주도맛집', '#서귀포갈치조림맛집', '#제주중문맛집까망돼지', '#제주도맛집추천', '#제주먹방', '#제주도가족여행', '#제주도핫플레이스', '#제주이색맛집', '#중문흑돼지맛집', '#휴애리맛집', '#제주흑돼지맛집', '#제주도여행코스', '#제주도점심', '#서귀포흑돼지맛집', '#제주도핫플레이스', '#제주흑돼지']",2020-10-07,
"['#제주도핫플', '#서귀포고기국수맛집', '#중문관광단지맛집', '#제주갈치조림맛집', '#서귀포맛집', '#제주더본호텔맛집', '#오설록맛집', '#중문맛집', '#제주이색맛집', '#제주흑돼지', '#제주도흑돼지', '#제주도흑돼지맛집까망돼지', '#제주도맛집추천', '#중문흑돼지맛집', '#제주도올레길까망돼지', '#서귀포흑돼지맛집', '#제주신화월드맛집', '#서귀포맛집까망돼지', '#중문흑돼지맛집', '#제주도핫플까망돼지', '#서귀포올레시장맛집']",2020-10-07,
"['#제주협재맛집', '#제주맛집', '#제주흑돼지맛집', '#중문맛집', '#제주갈치조림맛집', '#중문고기국수맛집', '#서귀포흑돼지맛집', '#제주도여행', '#제주중문맛집', '#제주도가볼만한곳', '#제주도먹방', '#서귀포맛집', '#제주성산', '#제주도흑돼지맛집', '#제주도맛집', '#제주도맛집추천']",2020-10-07,
"['#제주도여행', '#제주여행', '#제주호텔', '#제주스타벅스', '#제주스타그램', '#제주도', '#제주도숙소', '#제주도맛집', '#제주도맛집베스트', '#제주도맛집추천', '#제주도팬션', '#서귀포맛집', '#서귀포카페', '#유동커피', '#스타벅스', '#제주카페', '#카페유주', '#유주카페', '#제주감성', '#제주카페', '#제주카페투어', '#제주핫플', '#제주스타그램', '#제주도맛집', '#제주여행', '#제주살이', '#제주한달살기', '#제주게스트하우스', '#제주동행게스트하우스', '#게하파티', '#게하파티핫한곳', '#제주해변', '#동행강아지', '#엔조이']",2020-10-07,동행게스트하우스
"['#제주동문시장맛집', '#참직한멜국수비오는', '#제주참멜', '#제주공항근처', '#제주공항근처맛집', '#용담해안도로', '#제주동문시장', '#제주고기국수', '#제주고기국수맛집', '#제주도고기국수', '#제주도고기국수맛집', '#제주멸치국수', '#제주도민맛집', '#제주신상맛집', '#제주혼밥', '#제주혼밥추천', '#참멜', '#멜맥', '#피맥', '#제주도맛집추천', '#제주시내맛집', '#국수맛집', '#고기국수맛집', '#고기국수', '#잔치국수', '#용담맛집']",2020-10-07,
"['#마가리따은혜씨감바스ㆍ빠에야ㆍ수제버거', '#성산맛집', '#서귀포카페', '#섭지코지맛집', '#제주성산맛집', '#서귀포맛집', '#제주맛집', '#제주도맛집', '#월정리맛집', '#우도맛집', '#제주흑돼지', '#제주데이트코스', '#제주도민맛집', '#제주맛집추천', '#제주도맛집추천', '#산방산맛집', '#제주핫플레이스', '#더럭분교']",2020-10-07,
[],2020-10-07,
['#김치볶음밥'],2020-10-07,Jeju
"['#제주신상맛집', '#참직한멜국수', '#제주참멜', '#제주공항근처', '#제주공항근처맛집', '#용담해안도로', '#제주동문시장', '#제주동문시장맛집', '#제주고기국수', '#제주고기국수맛집', '#제주도고기국수', '#제주도고기국수맛집', '#제주멸치국수', '#제주도민맛집', '#제주혼밥', '#제주혼밥추천', '#참멜', '#멜맥', '#피맥', '#비빔국수', '#국수맛집', '#제주도맛집추천', '#잔치국수', '#제주도맛집']",2020-10-07,
"['#로드129', '#애월맛집', '#제주맛집', '#제주도가볼만한곳', '#애월핫플', '#제주도먹방', '#서귀포맛집', '#산방산맛집', '#제주도맛집', '#제주여행', '#제주도여행', '#제주도', '#애월', '#협재맛집', '#제주도맛집추천', '#동문시장', '#제주', '#한담해변', '#이호테우해변', '#새별오름', '#제주도휴가', '#제주도', '#곽지해수욕장', '#제주공항맛집', '#협재해수욕장', '#애월카페', '#road129']",2020-10-07,Jeju-do
"['#치즈_제주', '#돌문어볶음', '#보말국', '#소금바치순이네', '#종달리', '#종달리맛집']",2020-10-07,
"['#제주도맛집', '#제주도맛집추천', '#제주흑돼지', '#제주도흑돼지', '#칠돈가', '#칠돈가중문점']",2020-10-07,Jeju
"['#참직한멜국수', '#제주참멜', '#제주공항근처', '#제주공항근처맛집', '#용담해안도로', '#제주동문시장', '#제주동문시장맛집', '#제주고기국수', '#제주고기국수맛집', '#제주도고기국수', '#제주도고기국수맛집', '#제주멸치국수', '#제주도민맛집', '#제주신상맛집', '#제주혼밥', '#제주혼밥추천', '#참멜', '#멜맥', '#피맥', '#제주맛집', '#신상맛집', '#제주도맛집추천', '#도민맛집', '#고기국수맛집', '#제주시맛집', '#멸치국수', '#용담맛집']",2020-10-07,
"['#바다풍경횟집가다', '#바다풍경횟집', '#제주존맛식당', '#제주공항근처횟집', '#제주시내맛집', '#제주바다풍경횟집', '#제주도맛집추천', '#제주도횟집추천', '#제주찐맛집', '#제주가성비횟집', '#제주아이랑외식', '#제주용두암맛집', '#제주도회포장']",2020-10-07,
"['#한담해안산책로', '#제주도애월맛집', '#제주도핫플', '#애월맛집', '#성산일출봉', '#제주맛집', '#애월', '#산방산맛집', '#곽지해수욕장맛집', '#제주여행', '#제주시맛집', '#한경면맛집', '#협재맛집', '#제주한달살기', '#제주도', '#곽지맛집', '#제주도중문맛집', '#제주도맛집추천', '#제주공항근처맛집', '#제주도맛집', '#새별오름', '#협재해수욕장맛집', '#제주도여행', '#제주']",2020-10-07,애월해안가
"['#제주맛집', '#제주도맛집', '#제주맛집추천', '#제주도맛집추천', '#오설록맛집', '#오설록맛집추천', '#제주도맛집투어']",2020-10-07,
"['#연월', '#제주연월']",2020-10-07,Jeju
[],2020-10-07,
"['#협재맛집', '#금능맛집', '#한림맛집', '#애월맛집', '#한담맛집', '#신창맛집', '#제주맛집', '#제주도맛집', '#제주도민맛집', '#제주협재맛집', '#협재해수욕장맛집', '#한림공원맛집', '#협재맛집추천', '#한림맛집추천', '#애월맛집추천', '#제주맛집추천', '#제주도맛집추천', '#협재해수욕장', '#제주도여행', '#제주여행', '#제주한달살기', '#제주신혼여행', '#먹스타그램', '#맛스타그램', '#먹스타', '#맛집', '#제주', '#jeju', '#제주프리또']",2020-10-07,
"['#제주분식주소', '#전복김밥', '#돔베라면', '#돔베김밥', '#돔베덮밥', '#수제흑돈까스', '#제주맛집', '#제주도맛집', '#제주맛집추천', '#제주도맛집추천', '#제주공항근처맛집', '#제주공항맛집', '#제주도공항맛집', '#제주도공항근처맛집', '#제주공항근처아침식사', '#제주시맛집', '#제주도민맛집', '#신제주맛집', '#연동맛집', '#연동제주분식', '#애월맛집', '#제주맛가볼만한곳', '#제주여행']",2020-10-07,
"['#로드129', '#애월맛집', '#제주맛집', '#애월가볼만한곳', '#제주공항근처맛집', '#애월항', '#애월해안도로맛집', '#오설록', '#산방산', '#제주도맛집추천', '#제주여행', '#제주도여행', '#제주도', '#제주도카페', '#협재맛집', '#애월돈까스', '#한림맛집', '#신창풍차해안도로', '#이호테우해변', '#새별오름', '#곽지해수욕장맛집', '#제주공항맛집', '#협재해수욕장맛집', '#카멜리아힐', '#애월', '#road129', '#협재해수욕장']",2020-10-07,제주도 애월읍
"['#자연스러운식당', '#제주도핫플', '#남원맛집', '#제주핫플레이스', '#제주브런치', '#제주브런치카페', '#제주도맛집추천', '#제주도가볼만한곳', '#제주신라호텔', '#히든클리프', '#저지리맛집', '#제주가볼만한곳', '#성산맛집', '#중문맛집', '#서귀포맛집', '#휴애리맛집', '#쇠소깍맛집', '#신화월드맛집', '#제주도핫플레이스', '#오설록맛집', '#천지연폭포맛집', '#섭지코지맛집', '#제주숨은맛집', '#이중섭거리맛집', '#서귀포맛집추천', '#제주맛집추천', '#제주키즈존', '#제주서쪽맛집', '#jejucafe', '#제주데이트코스']",2020-10-07,자연스러운식당
"['#제주바다풍경횟집', '#바다풍경횟집가다', '#제주존맛식당', '#제주도횟집추천', '#바다풍경횟집', '#제주시내맛집', '#제주도맛집추천', '#제주공항근처횟집', '#제주가볼만한곳', '#제주도신혼여행부부코스', '#제주시청맛집', '#제주아이랑여행', '#제주신라스테이맛집']",2020-10-07,
"['#중문맛집', '#신서귀포맛집', '#신제주맛집', '#구제주맛집', '#제주맛집추천', '#제주도맛집추천', '#제주치킨맛집', '#제주도치킨맛집', '#제주치킨', '#제주도치킨', '#제주배달맛집', '#남문숯불바베큐']",2020-10-07,
"['#성산제주뚝배기일출보고', '#제주맛집', '#제주도맛집', '#서귀포맛집', '#제주서귀포맛집', '#제주도조식', '#제주조식', '#제주도가볼만한곳', '#제주가볼만한곳', '#성산맛집', '#성산일출봉조식', '#성산조식', '#제주성산맛집', '#섭지코지맛집', '#성산일출봉맛집', '#제주성산일출봉맛집', '#고희의정원', '#성산읍맛집', '#광치기해변맛집', '#성산일출봉맛집추천', '#제주성산맛집추천', '#제주도맛집추천', '#제주맛집추천', '#제주성게맛집', '#고희의정원', '#스누피정원', '#백약이오름', '#성산일출봉혼밥', '#성산혼밥']",2020-10-07,제주뚝배기
"['#올레시장맛집', '#제주도민맛집', '#남원맛집', '#제주핫플레이스', '#제주브런치', '#올레시장', '#진곶내', '#제주브런치카페', '#제주도맛집추천', '#제주도가볼만한곳', '#제주신라호텔', '#히든클리프', '#제주가볼만한곳', '#성산맛집', '#중문맛집', '#서귀포맛집', '#제주허브동산', '#위미맛집', '#제주도핫플레이스', '#제주도핫플', '#연돈', '#섭지코지맛집', '#베케', '#자연스러운식당', '#서귀포맛집추천', '#제주맛집추천', '#제주신혼여행', '#제주키즈존', '#용머리해안맛집', '#외돌개맛집']",2020-10-07,자연스러운식당
"['#제주도맛집', '#제주도여행', '#제주도맛집추천', '#제주도맛집베스트', '#제주도맛집투어', '#제주도라면', '#제주도라멘집추천', '#제주도라멘', '#제주도라면맛집', '#제주도라멘맛집', '#제주라멘', '#한림맛집', '#제주가볼만한곳', '#라신비라멘', '#라신비일본식라멘', '#라신비라멘집', '#라신비라면']",2020-10-07,
[],2020-10-06,우도 하하호호 카페
"['#수요일', '#뼈다귀들깨짬뽕한번', '#하르방짬뽕']",2020-10-06,제주도 애월읍
['#아우라키친'],2020-10-06,
"['#제주맛집', '#제주도맛집', '#제주맛집추천', '#제주도맛집추천', '#제주카페', '#제주도카페', '#애월맛집', '#애월카페', '#오설록맛집', '#한림맛집', '#협재맛집', '#협재카페', '#제주시맛집', '#제주도민맛집', '#전복장', '#딱새우장', '#제주가족여행', '#제주우정여행', '#제주혼밥', '#제주도혼밥', '#협재혼밥', '#애월혼밥', '#한림혼밥', '#제주커플여행']",2020-10-06,
"['#제주존맛식당', '#제주시내맛집', '#제주도횟집추천', '#제주바다풍경횟집', '#바다풍경횟집가다', '#제주도맛집추천', '#바다풍경횟집', '#제주공항근처횟집', '#제주가성비맛집', '#제주공항근처술집', '#제주바다풍경', '#제주아이랑여행', '#제주가성비횟집']",2020-10-06,
"['#제주분식', '#제주맛집', '#제주도맛집', '#제주맛집추천', '#제주도맛집추천', '#제주도', '#제주맛집', '#용두암', '#신제주맛집', '#연동맛집', '#제주연동맛집', '#애월맛집', '#연동제주분식', '#제주공항근처맛집', '#제주공항맛집', '#돔베김밥', '#전복김밥', '#제주돈까스', '#jeju', '#제주도가볼만한곳']",2020-10-06,
"['#제주도맛집추천', '#제주도횟집추천', '#제주공항근처횟집', '#제주바다풍경횟집', '#바다풍경횟집가다', '#바다풍경횟집', '#제주존맛식당', '#제주시내맛집', '#제주공항근처술집', '#제주도회포장', '#제주가볼만한곳', '#제주바다풍경', '#제주시청맛집']",2020-10-06,
"['#제주돈구어', '#제주구좌읍맛집', '#제주월정리맛집', '#제주돈구어방문', '#제주세화맛집', '#제주세화해수욕장', '#돈구어', '#제주세화해변맛집', '#제주구좌맛집', '#제주평대리맛집', '#제주도맛집추천', '#제주도숙성흑돼지', '#제주해안도로맛집']",2020-10-06,
"['#돔베고기', '#신메뉴', '#제주분식제주시', '#제주도공항맛집', '#제주맛집', '#제주도맛집추천', '#제주떡볶이', '#제주돈까스', '#돔베김밥', '#돔베라면', '#제주시맛집', '#신제주맛집', '#연동제주분식', '#제주연동맛집', '#제주가볼만한곳', '#노형동맛집', '#맛스타그램', '#데일리']",2020-10-06,
"['#돈구어', '#제주세화맛집', '#제주돈구어', '#제주월정리맛집', '#제주세화해수욕장', '#제주구좌읍맛집', '#제주돈구어방문', '#제주세화해변맛집', '#제주세화해수욕장맛집', '#제주도삼겹살', '#제주도맛집추천', '#제주도숙성흑돼지', '#제주드라이브코스']",2020-10-06,
"['#제주도횟집추천', '#제주존맛식당', '#제주시내맛집', '#제주도맛집추천', '#제주바다풍경횟집', '#바다풍경횟집가다', '#바다풍경횟집', '#제주공항근처횟집', '#제주신라스테이맛집', '#제주가볼만한곳', '#줄서서먹는제주도횟집', '#제주도존맛', '#제주수요미식회맛집']",2020-10-06,
"['#제주분식주소', '#전복김밥', '#돔베라면', '#돔베김밥', '#돔베덮밥', '#수제흑돈까스', '#제주맛집', '#제주도맛집', '#제주맛집추천', '#제주도맛집추천', '#제주공항근처맛집', '#제주공항맛집', '#제주도공항맛집', '#제주도공항근처맛집', '#제주공항근처아침식사', '#제주시맛집', '#제주도민맛집', '#신제주맛집', '#연동맛집', '#연동제주분식', '#애월맛집', '#제주맛가볼만한곳', '#제주여행']",2020-10-06,
"['#돈구어', '#제주월정리맛집', '#제주세화해수욕장', '#제주세화해변맛집', '#제주돈구어', '#제주세화맛집', '#제주구좌읍맛집', '#제주돈구어방문', '#제주고기집', '#제주도바다', '#제주해안도로맛집', '#제주도흑돼지', '#제주도맛집추천']",2020-10-06,
[],2020-10-06,
"['#제주도횟집추천', '#제주존맛식당', '#제주공항근처횟집', '#바다풍경횟집가다', '#제주도맛집추천', '#제주시내맛집', '#바다풍경횟집', '#제주바다풍경횟집', '#줄서서먹는제주도횟집', '#제주가성비횟집', '#제주도존맛', '#제주신라스테이맛집', '#제주도여행']",2020-10-06,
"['#제주분식', '#제주맛집', '#제주도맛집', '#제주맛집추천', '#제주도맛집추천', '#제주도', '#제주맛집', '#용두암', '#신제주맛집', '#연동맛집', '#제주연동맛집', '#애월맛집', '#연동제주분식', '#제주공항근처맛집', '#제주공항맛집', '#돔베김밥', '#전복김밥', '#제주돈까스', '#jeju', '#제주도가볼만한곳']",2020-10-06,
"['#제주돈구어방문', '#제주월정리맛집', '#제주돈구어', '#제주세화해변맛집', '#제주구좌읍맛집', '#돈구어', '#제주세화맛집', '#제주세화해수욕장', '#제주고기집', '#제주도맛집추천', '#제주도삼겹살', '#제주월정리흑돼지', '#제주도숙성흑돼지']",2020-10-06,
"['#제주맛집', '#제주도맛집', '#제주맛집추천', '#제주도맛집추천', '#제주카페', '#제주도카페', '#애월맛집', '#애월카페', '#오설록맛집', '#한림맛집', '#협재맛집', '#협재카페', '#제주시맛집', '#제주도민맛집', '#전복장', '#딱새우장', '#제주가족여행', '#제주우정여행', '#제주혼밥', '#제주도혼밥', '#협재혼밥', '#애월혼밥', '#한림혼밥', '#제주커플여행']",2020-10-06,
"['#홍대스타일', '#출장안마대림동', '#tgi', '#북촌한옥마을', '#럽스타그램', '#출장안마논현동', '#해물짬뽕', '#데일리룩', '#흔남', '#일상그램', '#출장마사지익산', '#세젤예', '#성수동마사지', '#제주도맛집추천', '#출장마사지속초', '#라인']",2020-10-06,
"['#제주존맛식당', '#바다풍경횟집가다', '#제주시내맛집', '#제주공항근처횟집', '#제주도맛집추천', '#제주바다풍경횟집', '#바다풍경횟집', '#제주도횟집추천', '#제주맛집추천', '#제주가볼만한곳', '#제주아이랑여행', '#제주공항근처술집', '#제주아이랑외식']",2020-10-06,
"['#로드129', '#애월맛집', '#제주맛집', '#애월가볼만한곳', '#제주공항근처맛집', '#애월항', '#애월해안도로맛집', '#오설록', '#산방산', '#제주도맛집추천', '#제주여행', '#제주도여행', '#제주도', '#제주도카페', '#협재맛집', '#애월돈까스', '#한림맛집', '#신창풍차해안도로', '#이호테우해변', '#새별오름', '#곽지해수욕장맛집', '#제주공항맛집', '#협재해수욕장맛집', '#카멜리아힐', '#애월', '#road129', '#협재해수욕장']",2020-10-06,Jeju-do
"['#제주도여행', '#흑돼지박스자동차안']",2020-10-06,
"['#제주여행', '#흑돼지박스']",2020-10-06,
"['#제주중문맛집까망돼지', '#서귀포올레시장', '#서귀포올레길까망돼지', '#제주도맛집추천', '#제주도맛집', '#서귀포맛집까망돼지', '#중문맛집', '#제주흑돼지맛집', '#중문맛집', '#중문흑돼지맛집까망돼지', '#제주도갈치조림맛집', '#서귀포맛집', '#중문해수욕장', '#중문흑돼지맛집까망돼지', '#서귀포흑돼지맛집', '#제주이색맛집', '#제주도핫플', '#제주도흑돼지맛집까망돼지', '#제주도가볼만한곳', '#오설록맛집', '#제주도여행코스']",2020-10-06,
"['#제주분식주소', '#전복김밥', '#돔베라면', '#돔베김밥', '#돔베덮밥', '#수제흑돈까스', '#제주맛집', '#제주도맛집', '#제주맛집추천', '#제주도맛집추천', '#제주공항근처맛집', '#제주공항맛집', '#제주도공항맛집', '#제주도공항근처맛집', '#제주공항근처아침식사', '#제주시맛집', '#제주도민맛집', '#신제주맛집', '#연동맛집', '#연동제주분식', '#애월맛집', '#제주맛가볼만한곳', '#제주여행']",2020-10-06,
"['#제주도맛집', '#제주도짬뽕', '#중문맛집', '#제주가볼만한곳', '#제주성산맛집', '#중문고기국수맛집', '#제주중문맛집', '#제주도핫플맛있수다', '#제주도맛집추천', '#제주이색맛집', '#제주도여행', '#서귀포맛집', '#서귀포가볼만한곳', '#제주도카페', '#제주도고기국수맛집', '#제주핫플레이스']",2020-10-06,
"['#제주도맛집추천', '#바다풍경횟집', '#제주공항근처횟집', '#제주존맛식당', '#제주바다풍경횟집', '#제주도횟집추천', '#제주시내맛집', '#바다풍경횟집가다', '#제주용두암맛집', '#제주아이랑여행', '#제주아이랑외식', '#제주신라스테이맛집', '#제주가성비맛집']",2020-10-06,
"['#제주여행', '#안녕하실테죠', '#dolcaron', '#가을', '#제주', '#돌카롱', '#애월돌카롱', '#애월읍맛집', '#제주마카롱', '#제주디저트', '#유채꽃카롱', '#억새카롱', '#가을여행', '#힐링여행', '#놀면서일하기', '#쏘롱스타그램']",2020-10-06,돌카롱
"['#마가리따은혜씨ㆍㆍㆍㆍㆍ', '#제주도맛집', '#제주카페', '#성산일출봉', '#성산맛집', '#제주성산맛집', '#섭지코지맛집', '#제주맛집', '#제주도카페', '#서귀포카페', '#협재맛집', '#제주공항맛집', '#한림맛집', '#함덕해수욕장맛집', '#제주도맛집추천', '#제주도데이트코스', '#제주가볼만한곳', '#제주애월맛집']",2020-10-06,
"['#제주맛집까망돼지', '#제주도흑돼지', '#제주도고기국수맛집', '#제주흑돼지맛집', '#제주도카페', '#서귀포맛집까망돼지', '#제주도맛집', '#중문맛집', '#제주도핫플레이스', '#중문흑돼지맛집', '#서귀포카페까망돼지', '#제주중문맛집까망돼지', '#중문맛집까망돼지', '#제주도맛집까망돼지', '#제주흑돼지맛집', '#제주이색맛집', '#제주도맛집추천', '#제주오설록맛집', '#제주도핫플레이스', '#제주먹방', '#신화월드맛집']",2020-10-06,
"['#중문흑돼지맛집', '#서귀포맛집까망돼지', '#제주도흑돼지', '#서귀포흑돼지맛집', '#서귀포돈내코맛집', '#제주도맛집추천', '#제주도먹방', '#중문흑돼지맛집', '#신화월드맛집', '#제주더본호텔맛집', '#제주도고기국수맛집', '#중문관광단지맛집', '#서귀포올레길', '#제주흑돼지맛집', '#제주도핫플까망돼지', '#제주이색맛집', '#제주맛집', '#제주도여행코스', '#중문고기국수맛집', '#제주도흑돼지맛집', '#중문해수욕장']",2020-10-06,
"['#제주도카페', '#중문흑돼지맛집', '#제주이색맛집', '#서귀포흑돼지맛집', '#서귀포맛집', '#제주도핫플레이스', '#제주흑돼지맛집', '#제주가볼만한곳', '#제주중문맛집', '#제주도맛집', '#제주도회국수', '#서귀포가볼만한곳', '#중문맛집', '#제주도핫플맛있수다', '#제주도맛집추천', '#제주성산']",2020-10-06,
"['#레드워터원샷하자', '#제주도추억', '#겨울에가까요', '#비행기타고싶다', '#유지어터일상', '#줌마그램스타', '#제주도맛집추천']",2020-10-06,Jeju
"['#한라진칼국수', '#제주맛집', '#제주맛집추천', '#제주도맛집', '#제주도맛집추천', '#제주공항맛집', '#제주공항근처맛집', '#보말칼국수', '#보말칼국수맛집', '#제주보말칼국수', '#제주보말칼국수맛집', '#돔베고기', '#제주가족여행', '#제주데이트', '#제주점심', '#제주도민맛집', '#이호테우해변맛집', '#애월맛집', '#애월해안도로맛집', '#제주오션뷰맛집']",2020-10-06,한라진칼국수
"['#서귀포고기국수맛집', '#중문흑돼지', '#올레시장맛집', '#중문관광단지맛집', '#오설록맛집', '#제주도이색맛집까망돼지', '#제주이색맛집까망돼지', '#제주도흑돼지', '#중문갈치조림맛집', '#제주도핫플까망돼지', '#제주도맛집추천', '#제주도가볼만한곳', '#제주도갈치조림맛집', '#서귀포흑돼지맛집', '#서귀포흑돼지', '#중문맛집', '#제주도맛집까망돼지', '#제주고기국수맛집', '#서귀포올레길', '#휴애리맛집', '#제주이색맛집', '#제주도맛집']",2020-10-06,
"['#제주도흑돼지맛집', '#중문관광단지맛집', '#제주도흑돼지맛집까망돼지', '#올레시장맛집', '#제주도맛집', '#제주도갈치조림맛집', '#제주도맛집추천', '#서귀포흑돼지', '#중문해수욕장', '#중문해수욕장', '#중문흑돼지맛집', '#제주롯데호텔맛집', '#제주흑돼지', '#제주도가볼만한곳', '#서귀포가볼만한곳', '#제주도핫플레이스', '#서귀포가볼만한곳까망돼지', '#제주도맛집', '#중문흑돼지맛집까망돼지', '#서귀포맛집까망돼지', '#서귀포올레시장', '#제주도흑돼지']",2020-10-06,
['#한라진칼국수'],2020-10-06,한라진칼국수
"['#싱싱잇', '#제주도핫플']",2020-10-06,
"['#자연스러운식당', '#새별오름맛집', '#제주도민맛집', '#남원맛집', '#제주핫플레이스', '#제주브런치', '#올레시장', '#휴애리맛집', '#제주브런치카페', '#제주도맛집추천', '#제주도가볼만한곳', '#제주신라호텔', '#히든클리프', '#저지리맛집', '#제주가볼만한곳', '#성산맛집', '#중문맛집', '#서귀포맛집', '#서귀포가볼만한곳', '#위미맛집', '#신화월드맛집', '#제주도핫플레이스', '#오설록맛집', '#산방산맛집', '#섭지코지맛집', '#제주숨은맛집', '#신화역사공원맛집', '#서귀포맛집추천', '#제주맛집추천', '#표선맛집']",2020-10-06,자연스러운식당
"['#서귀포맛집', '#중문흑돼지맛집', '#중문흑돼지맛집', '#제주갈치조림맛집', '#제주도맛집', '#제주도가볼만한곳', '#중문관광단지맛집', '#천제연폭포', '#서귀포올레시장', '#제주도핫플레이스', '#서귀포올레길', '#제주도맛집추천', '#서귀포맛집', '#중문흑돼지', '#제주도맛집', '#제주신화월드맛집', '#제주도점심', '#제주근고기맛집', '#제주오설록맛집', '#제주도흑돼지맛집까망돼지', '#제주도여행코스']",2020-10-06,
"['#바다풍경횟집', '#제주도횟집추천', '#제주바다풍경횟집', '#제주도맛집추천', '#제주시내맛집', '#제주공항근처횟집', '#바다풍경횟집가다', '#제주존맛식당', '#제주시청맛집', '#제주신혼여행', '#제주용두암맛집', '#제주도존맛', '#제주신라스테이맛집']",2020-10-06,
"['#제주도흑돼지', '#중문흑돼지맛집까망돼지', '#제주중문맛집', '#제주도여행코스', '#제주도가족여행', '#제주도맛집까망돼지', '#제주도흑돼지맛집', '#서귀포흑돼지맛집', '#제주도핫플', '#제주도흑돼지맛집', '#제주도여행코스', '#제주도맛집추천', '#제주도갈치조림맛집', '#제주갈치조림맛집', '#제주도고기국수맛집', '#중문흑돼지맛집', '#제주도가볼만한곳', '#서귀포카페까망돼지', '#서귀포갈치조림맛집', '#제주도맛집투어', '#제주근고기맛집']",2020-10-06,
"['#맛', '#우도맛집', '#제주도맛집', '#제주맛집', '#제주도', '#타코밤', '#무드_제주도']",2020-09-27,
"['#중문맛집', '#제주중문맛집', '#제주도맛집', '#제주도가볼만한곳', '#제주도맛집추천', '#제주중문맛집', '#제주함덕맛집', '#제주도고기국수맛집', '#제주도추천', '#제주맛집탐방', '#서귀포카페', '#서귀포맛집', '#제주도국수', '#서귀포고기국수맛집', '#제주핫플레이스', '#중문맛집']",2020-10-06,
"['#맛집인증', '#제주도맛집추천', '#제주맛집인증', '#인생맛집', '#제주도여행', '#제주여행', '#제주도가볼만한곳', '#제주가볼만한곳', '#제주핫플추천', '#제주투어', '#제주데이트', '#제주밥집', '#오늘뭐먹지', '#제주살이', '#제주도민', '#제주도민맛집', '#제주도민추천', '#먹방', '#제주로컬맛집', '#우럭조림맛집', '#우럭조림', '#쥐치조림맛집', '#쥐치조림', '#객주리조림맛집', '#객주리조림', '#고등어구이', '#오늘', '#먹스타그램', '#일상', '#데일리']",2020-10-06,논짓물식당
[],2020-10-06,Jeju
[],2020-10-06,Jeju
"['#중문흑돼지맛집까망돼지', '#제주도핫플레이스', '#제주갈치조림맛집', '#서귀포가볼만한곳', '#서귀포고기국수맛집', '#제주도흑돼지맛집', '#중문흑돼지', '#제주중문맛집', '#서귀포흑돼지', '#제주도흑돼지맛집까망돼지', '#천제연폭포', '#제주오설록맛집', '#제주도가볼만한곳', '#제주도점심', '#제주히든클리프맛집', '#제주도맛집베스트', '#제주중문맛집까망돼지', '#제주도맛집', '#제주도맛집추천', '#제주도가볼만한곳까망돼지', '#중문맛집까망돼지']",2020-10-06,
[],2020-10-06,제주국제공항
"['#서귀포맛집', '#서귀포맛집까망돼지', '#서귀포올레시장', '#제주맛집까망돼지', '#제주도핫플까망돼지', '#중문흑돼지맛집', '#중문맛집', '#서귀포맛집추천', '#제주도갈치조림맛집', '#중문맛집', '#제주도카페', '#서귀포흑돼지맛집', '#중문흑돼지맛집까망돼지', '#서귀포올레길까망돼지', '#제주도맛집추천', '#제주도가볼만한곳', '#서귀포가볼만한곳까망돼지', '#제주도맛집', '#제주도가볼만한곳', '#중문관광단지맛집', '#제주도흑돼지맛집까망돼지', '#제주맛집']",2020-10-06,
"['#제주분식', '#제주맛집', '#제주도맛집', '#제주맛집추천', '#제주도맛집추천', '#제주도', '#제주맛집', '#용두암', '#신제주맛집', '#연동맛집', '#제주연동맛집', '#애월맛집', '#연동제주분식', '#제주공항근처맛집', '#제주공항맛집', '#돔베김밥', '#전복김밥', '#제주돈까스', '#jeju', '#제주도가볼만한곳']",2020-10-06,
"['#제주도먹방', '#서귀포흑돼지', '#제주도이색맛집까망돼지', '#제주이색맛집까망돼지', '#서귀포맛집', '#신화월드맛집', '#제주도맛집추천', '#제주흑돼지맛집', '#제주도핫플레이스', '#제주도가볼만한곳', '#중문흑돼지맛집', '#서귀포올레길까망돼지', '#중문해수욕장', '#제주도맛집베스트', '#제주도맛집', '#천제연폭포', '#제주중문맛집', '#제주도가볼만한곳', '#제주도고기국수맛집', '#제주도가볼만한곳', '#서귀포갈치조림맛집', '#제주도이색맛집']",2020-10-06,
"['#제주이색맛집', '#제주도맛집추천', '#제주중문맛집', '#중문흑돼지맛집', '#중문맛집', '#제주도핫플맛있수다', '#제주도맛집', '#제주맛집', '#서귀포가볼만한곳', '#제주가볼만한곳', '#제주도맛집맛있수다', '#제주도회국수', '#서귀포맛집', '#제주도갈치조림', '#제주도핫플레이스', '#성산맛집']",2020-10-06,
"['#아르떼뮤지엄', '#삼화정육식당', '#인형뽑기', '#제주도음식', '#제주도민맛집', '#집밥', '#먹스타그램', '#맛스타그램', '#제주도맛집', '#제주도아이와함께가볼만한곳', '#제주도맛집추천', '#제주도카페', '#제주도여행', '#제주도관광지', '#제주도체험', '#카페투어', '#남매스타그램', '#제주도핫플레이스', '#맞팔', '#감성캠핑', '#캠핑', '#먹팔', '#푸드스타그램', '#맛집투어', '#제주살이', '#술스타그램', '#신혼밥상', '#먹방스타그램']",2020-10-06,
"['#올레시장맛집', '#중문흑돼지', '#중문흑돼지맛집까망돼지', '#서귀포올레길까망돼지', '#제주도흑돼지맛집까망돼지', '#제주도핫플', '#서귀포맛집', '#제주도맛집', '#중문관광단지맛집', '#제주갈치조림맛집', '#서귀포흑돼지맛집', '#제주이색맛집', '#색달해수욕장', '#제주흑돼지맛집', '#중문맛집', '#제주맛집까망돼지', '#서귀포가볼만한곳까망돼지', '#제주도맛집', '#중문흑돼지맛집', '#서귀포맛집추천', '#제주도맛집추천', '#서귀포갈치조림맛집']",2020-10-06,
"['#제주도갈치조림', '#제주도맛집맛있수다', '#서귀포카페', '#제주도핫플맛있수다', '#제주도가볼만한곳', '#성산맛집', '#중문맛집', '#서귀포맛집', '#제주도회국수', '#제주도맛집추천', '#제주핫플레이스', '#제주도맛집', '#제주중문맛집', '#제주이색맛집', '#제주도먹거리', '#제주도짬뽕']",2020-10-06,
"['#중문흑돼지맛집', '#제주도맛집까망돼지', '#제주도이색맛집까망돼지', '#제주이색맛집까망돼지', '#중문흑돼지맛집', '#중문흑돼지맛집', '#서귀포맛집', '#제주도맛집추천', '#제주흑돼지맛집', '#중문흑돼지', '#제주도흑돼지맛집까망돼지', '#제주중문맛집까망돼지', '#서귀포맛집까망돼지', '#제주도핫플', '#중문고기국수맛집', '#제주먹방', '#서귀포올레길', '#제주도가볼만한곳', '#제주고기국수맛집', '#제주이색맛집', '#제주도커플여행', '#서귀포흑돼지맛집']",2020-10-06,
"['#뉴욕여행', '#서울', '#지난주말', '#셀피스타그램', '#인스타사진', '#사진정리', '#남친룩', '#돌사진', '#명동술집', '#제주도맛집추천', '#단체사진', '#훈남', '#러블리', '#휴가', '#더럽', '#라인']",2020-10-06,
"['#서귀포가볼만한곳까망돼지', '#제주도맛집', '#제주흑돼지맛집까망돼지', '#제주도먹방', '#중문흑돼지맛집', '#제주도맛집추천', '#서귀포맛집', '#제주도맛집까망돼지', '#제주도이색맛집', '#서귀포맛집까망돼지', '#제주흑돼지', '#제주맛집', '#서귀포맛집까망돼지', '#중문맛집', '#중문맛집', '#제주근고기맛집', '#제주중문맛집까망돼지', '#제주도맛집', '#제주도핫플', '#제주도핫플까망돼지', '#제주흑돼지맛집', '#제주더본호텔맛집']",2020-10-06,
"['#제주맛집', '#제주도맛집', '#제주맛집추천', '#제주도맛집추천', '#제주카페', '#제주도카페', '#애월맛집', '#애월카페', '#오설록맛집', '#한림맛집', '#협재맛집', '#협재카페', '#제주시맛집', '#제주도민맛집', '#전복장', '#딱새우장', '#제주가족여행', '#제주우정여행', '#제주혼밥', '#제주도혼밥', '#협재혼밥', '#애월혼밥', '#한림혼밥', '#제주커플여행']",2020-10-06,
"['#제주이색맛집', '#중문맛집', '#서귀포고기국수맛집', '#제주도추천', '#제주도고기국수', '#서귀포가볼만한곳', '#제주성산', '#중문맛집', '#서귀포카페', '#제주도가볼만한곳', '#제주중문맛집', '#제주도여행', '#서귀포맛집', '#제주도맛집', '#제주도핫플레이스', '#제주도맛집추천']",2020-10-06,
[],2020-10-06,비마이아일
"['#마가리따은혜씨일층은', '#제주카페', '#제주맛집', '#제주도카페', '#제주도맛집', '#제주여행', '#서귀포카페', '#월정리카페', '#카멜리아힐', '#동문시장맛집', '#용담해안도로', '#하귀맛집', '#표선맛집', '#세화맛집', '#제주시맛집', '#제주도맛집추천', '#협재맛집', '#오설록맛집']",2020-10-06,
[],2020-10-06,하찌
"['#제주시내맛집', '#제주존맛식당', '#제주공항근처횟집', '#제주도횟집추천', '#바다풍경횟집', '#바다풍경횟집가다', '#제주도맛집추천', '#제주바다풍경횟집', '#제주도신혼여행코스', '#제주공항근처술집', '#제주도여행', '#줄서서먹는제주도횟집', '#제주신라스테이맛집']",2020-10-06,
"['#전망대횟집', '#제주횟집', '#제주도횟집전망대횟집', '#한림맛집', '#협재맛집', '#애월맛집', '#제주횟집추천', '#애월횟집', '#한림횟집', '#제주도맛집', '#협재회포장', '#애월회포장', '#한림회포장', '#제주횟집', '#한림맛집전망대횟집', '#애월맛집전망대횟집', '#제주도맛집추천', '#제주맛집', '#제주현지인맛집', '#제주도민맛집', '#제주여행', '#제주도가볼만한곳']",2020-10-06,전망대횟집
"['#제주맛집', '#제주맛집', '#중문맛집', '#제주맛집까망돼지', '#제주흑돼지맛집', '#제주도핫플', '#제주중문맛집', '#서귀포맛집까망돼지', '#서귀포돈내코맛집', '#제주먹방', '#오설록맛집', '#제주도맛집추천', '#서귀포고기국수맛집', '#서귀포맛집', '#중문흑돼지맛집', '#제주히든클리프맛집', '#제주도흑돼지맛집까망돼지', '#제주이색맛집', '#제주도흑돼지맛집', '#제주도핫플까망돼지', '#제주흑돼지맛집']",2020-10-06,
"['#서귀포흑돼지맛집', '#중문고기국수맛집', '#제주도회국수', '#서귀포갈치조림맛집', '#제주도맛집추천', '#제주도먹거리', '#제주도국수', '#제주핫플레이스', '#서귀포맛집', '#제주도맛집', '#제주도먹방', '#제주중문맛집', '#성산맛집', '#제주도맛집맛있수다', '#서귀포가볼만한곳', '#중문맛집']",2020-10-06,
"['#제주맛집', '#서귀포올레시장', '#서귀포돈내코맛집', '#제주도핫플레이스', '#제주도맛집추천', '#서귀포흑돼지맛집', '#제주도가볼만한곳', '#제주도맛집베스트', '#제주중문맛집', '#서귀포맛집까망돼지', '#제주도올레길까망돼지', '#제주도흑돼지맛집까망돼지', '#중문맛집', '#서귀포올레시장맛집', '#중문고기국수맛집', '#제주도맛집', '#제주도이색맛집까망돼지', '#제주이색맛집까망돼지', '#제주이색맛집', '#제주도카페', '#서귀포올레길까망돼지', '#제주도흑돼지맛집까망돼지']",2020-10-06,
"['#돔베고기', '#신메뉴', '#제주분식제주시', '#제주도공항맛집', '#제주맛집', '#제주도맛집추천', '#제주떡볶이', '#제주돈까스', '#돔베김밥', '#돔베라면', '#제주시맛집', '#신제주맛집', '#연동제주분식', '#제주연동맛집', '#제주가볼만한곳', '#노형동맛집', '#맛스타그램', '#데일리']",2020-10-06,
"['#제주핫플레이스', '#제주도국수', '#제주도핫플', '#제주고기국수맛집', '#서귀포카페', '#제주도맛집', '#제주도여행', '#중문맛집', '#제주도먹거리', '#제주도맛집추천', '#서귀포맛집', '#제주도맛집맛있수다', '#제주도흑돼지', '#제주도갈치조림맛집', '#제주중문맛집', '#제주도갈치조림']",2020-10-06,
"['#오설록맛집', '#서귀포흑돼지까망돼지', '#제주중문맛집', '#서귀포올레길', '#제주도맛집까망돼지', '#중문해수욕장', '#제주도맛집추천', '#서귀포올레시장맛집', '#서귀포맛집', '#제주도맛집까망돼지', '#제주신화월드맛집', '#제주신라호텔맛집', '#중문흑돼지맛집', '#제주도핫플레이스', '#제주도고기국수맛집', '#서귀포돈내코맛집', '#제주도여행코스', '#제주흑돼지맛집', '#신화월드맛집', '#제주먹방', '#서귀포맛집까망돼지']",2020-10-06,
"['#제주도핫플레이스', '#서귀포맛집까망돼지', '#중문흑돼지', '#제주도맛집베스트', '#제주맛집까망돼지', '#제주중문맛집', '#서귀포카페', '#제주중문맛집까망돼지', '#제주도갈치조림맛집', '#제주도여행코스', '#중문맛집', '#제주도여행코스', '#중문맛집', '#서귀포가볼만한곳까망돼지', '#제주도맛집', '#서귀포흑돼지맛집', '#제주도맛집', '#제주흑돼지', '#제주도핫플', '#서귀포맛집까망돼지', '#제주도맛집추천', '#서귀포돈내코맛집']",2020-10-06,
"['#제주도', '#제주', '#흑돼지맛집', '#흑돼지', '#제주맛집', '#제주맛집추천', '#제주먹방', '#제주하면흑돼지', '#제주도여행', '#제주협재근처', '#맛집추천', '#맛집스타그램', '#존맛탱', '#제주도맛집', '#한림공원', '#제주식당애월', '#제주협재맛집', '#제주한림맛집', '#한림맛집', '#한림맛집추천', '#좋아요', '#한림공원근처맛집', '#우무근처', '#맞팔선팔환영', '#선팔하면맞팔가요', '#좋아요반사', '#제주감성', '#제주감성맛집', '#제주도맛집추천', '#한림맛집추천']",2020-10-06,흑돼지촌
"['#제주도', '#제주여행', '#더클리프', '#제주더클리프', '#색달해변', '#분위기깡패', '#분위기오진다', '#넘나좋은것']",2020-10-06,
"['#제주도', '#제주', '#흑돼지맛집', '#흑돼지', '#제주맛집', '#제주맛집추천', '#제주먹방', '#제주하면흑돼지', '#제주도여행', '#제주협재근처', '#맛집추천', '#맛집스타그램', '#존맛탱', '#제주도맛집', '#한림공원', '#제주식당애월', '#제주협재맛집', '#제주한림맛집', '#한림맛집', '#한림맛집추천', '#좋아요', '#한림공원근처맛집', '#우무근처', '#맞팔선팔환영', '#선팔하면맞팔가요', '#좋아요반사', '#제주감성', '#제주감성맛집', '#제주도맛집추천', '#한림맛집추천']",2020-10-06,
"['#제주도해물찜', '#제주해물찜', '#제주맛집', '#제주도맛집', '#협재해변맛집', '#협재_제주광어천국', '#협재맛집', '#협재술집', '#협재밥집', '#협재해수욕장맛집', '#금능해변맛집', '#한경면맛집', '#안덕면맛집', '#제주도회', '#제주회', '#제주광어천국_문어해물찜', '#제주도광어', '#제주도맛집추천', '#제주물회', '#협재회포장', '#제주도가볼만한곳', '#제주도여행', '#제주도숨은맛집', '#광어요리']",2020-10-06,
"['#제주도해물찜', '#제주해물찜', '#제주맛집', '#제주도맛집', '#협재해변맛집', '#협재_제주광어천국', '#협재맛집', '#협재술집', '#협재밥집', '#협재해수욕장맛집', '#금능해변맛집', '#한경면맛집', '#안덕면맛집', '#제주도회', '#제주회', '#제주광어천국_문어해물찜', '#제주도광어', '#제주도맛집추천', '#제주물회', '#협재회포장', '#제주도가볼만한곳', '#제주도여행', '#제주도숨은맛집', '#광어요리']",2020-10-06,
"['#제주도', '#부산', '#제주도맛집', '#먹스타그램', '#치저스', '#제주도치저스', '#제주여행', '#daily', '#여행스타그램', '#여행', '#여행그램', '#제주도맛집추천', '#fff', '#맞팔댓', '#소통', '#소통해요']",2020-10-06,Cheesus
"['#인스밀', '#서귀포카페', '#제주가오픈카페']",2020-10-06,
[],2020-10-06,
"['#중문맛집', '#제주중문맛집', '#서귀포고기국수맛집', '#제주도흑돼지맛집', '#중문맛집', '#제주도맛집', '#제주협재맛집', '#제주도맛집추천', '#서귀포맛집', '#제주도여행', '#제주이색맛집', '#제주도맛집', '#제주고기국수맛집', '#제주도가볼만한곳', '#제주도맛집맛있수다', '#성산맛집']",2020-10-06,
[],2020-10-06,
"['#제주도해물찜', '#제주해물찜', '#제주맛집', '#제주도맛집', '#협재해변맛집', '#협재_제주광어천국', '#협재맛집', '#협재술집', '#협재밥집', '#협재해수욕장맛집', '#금능해변맛집', '#한경면맛집', '#안덕면맛집', '#제주도회', '#제주회', '#제주광어천국_문어해물찜', '#제주도광어', '#제주도맛집추천', '#제주물회', '#협재회포장', '#제주도가볼만한곳', '#제주도여행', '#제주도숨은맛집', '#광어요리']",2020-10-06,
"['#제주도해물찜', '#제주해물찜', '#제주맛집', '#제주도맛집', '#협재해변맛집', '#협재_제주광어천국', '#협재맛집', '#협재술집', '#협재밥집', '#협재해수욕장맛집', '#금능해변맛집', '#한경면맛집', '#안덕면맛집', '#제주도회', '#제주회', '#제주광어천국_문어해물찜', '#제주도광어', '#제주도맛집추천', '#제주물회', '#협재회포장', '#제주도가볼만한곳', '#제주도여행', '#제주도숨은맛집', '#광어요리']",2020-10-06,
"['#제주도맛집추천', '#바다풍경횟집가다', '#제주도횟집추천', '#제주존맛식당', '#바다풍경횟집', '#제주시내맛집', '#제주공항근처횟집', '#제주바다풍경횟집', '#제주수요미식회맛집', '#제주아이랑여행', '#제주도신혼여행코스', '#제주가성비맛집', '#제주아이랑외식']",2020-10-06,
[],2020-10-06,
"['#제주프리또', '#금능맛집', '#제주금능길', '#딱새우의맛', '#금능해수욕장맛집']",2020-10-06,
"['#제주도맛집', '#제주흑돼지맛집까망돼지', '#서귀포흑돼지맛집', '#제주도먹방', '#제주흑돼지맛집', '#제주맛집까망돼지', '#제주도흑돼지맛집', '#중문갈치조림맛집', '#제주도커플여행', '#제주도흑돼지맛집까망돼지', '#제주도맛집', '#제주맛집', '#제주중문맛집', '#제주도맛집추천', '#제주도핫플까망돼지', '#서귀포가볼만한곳까망돼지', '#제주도맛집', '#서귀포흑돼지맛집', '#제주히든클리프맛집', '#중문흑돼지맛집까망돼지', '#제주도고기국수맛집', '#서귀포올레길']",2020-10-06,
"['#제주돈구어', '#제주구좌읍맛집', '#제주월정리맛집', '#제주돈구어방문', '#제주세화맛집', '#제주세화해수욕장', '#돈구어', '#제주세화해변맛집', '#제주구좌맛집', '#제주평대리맛집', '#제주도맛집추천', '#제주도숙성흑돼지', '#제주해안도로맛집']",2020-10-06,
"['#제주도흑돼지맛집까망돼지', '#서귀포맛집까망돼지', '#중문맛집', '#제주도고기국수맛집', '#서귀포올레길', '#제주도맛집추천', '#서귀포가볼만한곳', '#제주흑돼지', '#중문흑돼지맛집까망돼지', '#서귀포흑돼지까망돼지', '#제주도먹방', '#서귀포돈내코맛집', '#제주고기국수맛집', '#제주신라호텔맛집', '#제주흑돼지맛집', '#서귀포맛집까망돼지', '#제주갈치조림맛집', '#쇠소깍맛집', '#제주흑돼지맛집', '#서귀포맛집', '#오설록맛집']",2020-10-06,
"['#제주도해물찜', '#제주해물찜', '#제주맛집', '#제주도맛집', '#협재해변맛집', '#협재_제주광어천국', '#협재맛집', '#협재술집', '#협재밥집', '#협재해수욕장맛집', '#금능해변맛집', '#한경면맛집', '#안덕면맛집', '#제주도회', '#제주회', '#제주광어천국_문어해물찜', '#제주도광어', '#제주도맛집추천', '#제주물회', '#협재회포장', '#제주도가볼만한곳', '#제주도여행', '#제주도숨은맛집', '#광어요리']",2020-10-06,
"['#제주도해물찜', '#제주해물찜', '#제주맛집', '#제주도맛집', '#협재해변맛집', '#협재_제주광어천국', '#협재맛집', '#협재술집', '#협재밥집', '#협재해수욕장맛집', '#금능해변맛집', '#한경면맛집', '#안덕면맛집', '#제주도회', '#제주회', '#제주광어천국_문어해물찜', '#제주도광어', '#제주도맛집추천', '#제주물회', '#협재회포장', '#제주도가볼만한곳', '#제주도여행', '#제주도숨은맛집', '#광어요리']",2020-10-06,
"['#흑돼지', '#제주돈구어', '#제주세화맛집', '#제주세화해변맛집', '#제주월정리맛집', '#제주돈구어방문', '#돈구어', '#제주세화해수욕장', '#제주구좌읍맛집', '#제주오빠랑', '#제주먹방여행', '#제주도맛집추천', '#제주도여행필수코스', '#제주해안도로맛집']",2020-10-06,
"['#제주분식주소', '#전복김밥', '#돔베라면', '#돔베김밥', '#돔베덮밥', '#수제흑돈까스', '#제주맛집', '#제주도맛집', '#제주맛집추천', '#제주도맛집추천', '#제주공항근처맛집', '#제주공항맛집', '#제주도공항맛집', '#제주도공항근처맛집', '#제주공항근처아침식사', '#제주시맛집', '#제주도민맛집', '#신제주맛집', '#연동맛집', '#연동제주분식', '#애월맛집', '#제주맛가볼만한곳', '#제주여행']",2020-10-06,
"['#애월맛집', '#제주맛집', '#애월가볼만한곳', '#제주공항근처맛집', '#애월항', '#애월해안도로맛집', '#오설록', '#산방산', '#제주도맛집추천', '#제주여행', '#제주도여행', '#제주도', '#제주도카페', '#협재맛집', '#애월돈까스', '#한림맛집', '#신창풍차해안도로', '#이호테우해변', '#새별오름', '#곽지해수욕장맛집', '#제주공항맛집', '#협재해수욕장맛집', '#카멜리아힐', '#애월', '#road129', '#협재해수욕장']",2020-10-06,제주도 애월읍
"['#제주맛집까망돼지', '#올레시장맛집', '#서귀포올레시장', '#제주도맛집', '#제주도올레길까망돼지', '#중문흑돼지맛집', '#중문흑돼지', '#제주도핫플', '#제주중문맛집', '#제주도맛집', '#제주도여행코스', '#제주도흑돼지맛집', '#서귀포흑돼지까망돼지', '#서귀포올레길', '#중문맛집', '#제주신화월드맛집', '#제주도이색맛집까망돼지', '#제주이색맛집까망돼지', '#오설록맛집', '#천제연폭포', '#제주도맛집추천', '#제주흑돼지']",2020-10-06,
"['#로맨틱새우', '#제주도맛집', '#제주맛집', '#애월맛집', '#곽지맛집', '#한담맛집']",2020-10-06,제주도 곽지해수욕장
"['#애월찜', '#애월맛집', '#제주도']",2020-10-06,애월찜
"['#연월', '#제주연월']",2020-10-06,애월해안도로
"['#제주도흑돼지맛집', '#서귀포흑돼지맛집', '#서귀포맛집', '#중문맛집', '#제주핫플레이스', '#제주도국수', '#제주도맛집', '#제주도핫플맛있수다', '#성산맛집', '#중문맛집', '#제주도카페', '#제주중문맛집', '#제주도가볼만한곳', '#제주도맛집추천', '#제주도고기국수', '#서귀포올레시장']",2020-10-06,
"['#서귀포갈치조림맛집', '#제주이색맛집', '#제주도흑돼지맛집', '#제주도맛집', '#제주중문맛집', '#제주도고기국수맛집', '#중문맛집', '#제주성산', '#제주도맛집추천', '#제주중문맛집', '#제주갈치조림맛집', '#제주도추천', '#서귀포맛집', '#제주도핫플', '#서귀포고기국수맛집', '#제주도가볼만한곳']",2020-10-06,
"['#시너지코치_새미쌤', '#유머스타그램', '#편의점커피', '#치킨스타그램', '#사진', '#속초여행', '#아들맘그램', '#한정식', '#제주도맛집추천', '#냥줍', '#등심', '#강남맛집', '#청주맛집', '#인스타일상', '#거제도맛집', '#13개월아기', '#맥주한잔', '#커피스타그램', '#여의도맛집', '#돈두커피', '#꽃등심', '#거제맛집', '#일상공유', '#셀스타그램', '#셀카그램', '#천호맛집', '#강동맛집', '#20대']",2020-10-06,
"['#중문흑돼지', '#서귀포맛집', '#제주도맛집추천', '#제주도핫플', '#제주도가볼만한곳', '#제주도먹방', '#중문맛집까망돼지', '#서귀포맛집', '#제주맛집', '#제주도맛집까망돼지', '#제주맛집까망돼지', '#제주도여행코스', '#제주도고기국수맛집', '#제주이색맛집', '#오설록맛집', '#쇠소깍맛집', '#제주도맛집까망돼지', '#제주도흑돼지맛집까망돼지', '#제주도맛집', '#서귀포가볼만한곳', '#중문맛집']",2020-10-06,
"['#제주도회국수', '#서귀포맛집', '#제주중문맛집', '#중문맛집', '#제주도먹거리', '#제주도맛집', '#제주도맛집추천', '#중문맛집', '#서귀포흑돼지맛집', '#제주맛집', '#제주가볼만한곳', '#제주도맛집', '#제주도고기국수맛집', '#제주성산맛집', '#중문고기국수맛집', '#제주고기국수맛집']",2020-10-06,
"['#제주도횟집추천', '#바다풍경횟집', '#바다풍경횟집가다', '#제주존맛식당', '#제주시내맛집', '#제주도맛집추천', '#제주공항근처횟집', '#제주바다풍경횟집', '#제주공항도착', '#제주가성비맛집', '#제주공항근처술집', '#제주가볼만한곳', '#제주아이랑외식']",2020-10-06,
"['#머체왓식당', '#머체왓숲길', '#머체왓식당비빔밥', '#제주도맛집', '#제주맛집', '#제주맛집추천', '#제주도맛집베스트', '#제주도맛집추천', '#제주도가볼만한곳', '#성게미역국맛집', '#성게미역국', '#옥돔', '#옥돔구이', '#제주도민맛집']",2020-10-06,머체왓숲길
"['#제주고기국수맛집', '#제주협재맛집', '#제주가볼만한곳', '#중문맛집', '#제주도맛집맛있수다', '#제주중문맛집', '#제주도핫플레이스', '#서귀포맛집', '#제주도먹거리', '#중문맛집', '#제주도맛집', '#제주고기국수맛집', '#제주중문맛집', '#중문맛집', '#제주도맛집추천', '#제주함덕맛집']",2020-10-06,
"['#제주도흑돼지맛집', '#서귀포맛집까망돼지', '#제주먹방', '#제주중문맛집', '#제주도맛집까망돼지', '#서귀포흑돼지', '#제주도흑돼지맛집', '#제주도고기국수맛집', '#제주도핫플', '#제주도맛집추천', '#제주히든클리프맛집', '#제주도흑돼지맛집까망돼지', '#중문흑돼지맛집', '#서귀포가볼만한곳', '#제주흑돼지맛집', '#제주중문맛집까망돼지', '#중문맛집까망돼지', '#서귀포맛집', '#제주도맛집베스트', '#서귀포갈치조림맛집', '#제주갈치조림맛집']",2020-10-06,
"['#서귀포맛집', '#중문맛집', '#제주중문맛집', '#제주함덕맛집', '#제주맛집탐방', '#제주도고기국수맛집', '#제주도맛집', '#중문맛집', '#제주가볼만한곳', '#제주도맛집추천', '#제주협재맛집', '#제주도핫플', '#중문고기국수맛집', '#제주맛집', '#제주도추천', '#제주도맛집']",2020-10-06,
"['#제주도맛집베스트', '#서귀포카페', '#서귀포흑돼지까망돼지', '#제주도맛집', '#서귀포가볼만한곳까망돼지', '#제주도맛집', '#제주중문맛집까망돼지', '#제주도맛집추천', '#제주먹방', '#제주도이색맛집', '#제주도여행코스', '#중문흑돼지맛집', '#중문맛집', '#쇠소깍맛집', '#제주흑돼지', '#서귀포갈치조림맛집', '#제주흑돼지맛집까망돼지', '#서귀포맛집', '#중문흑돼지맛집', '#서귀포올레길', '#제주도핫플까망돼지', '#서귀포맛집까망돼지']",2020-10-06,
[],2020-10-06,
"['#제주도고기국수맛집', '#제주도카페', '#서귀포가볼만한곳까망돼지', '#제주도맛집', '#제주도핫플레이스', '#서귀포맛집', '#제주도핫플레이스', '#서귀포맛집', '#휴애리맛집', '#제주갈치조림맛집', '#서귀포올레시장맛집', '#제주도갈치조림맛집', '#서귀포맛집추천', '#서귀포돈내코맛집', '#쇠소깍맛집', '#제주도맛집까망돼지', '#제주도맛집추천', '#서귀포흑돼지맛집', '#제주흑돼지맛집', '#중문흑돼지맛집까망돼지', '#천제연폭포', '#제주이색맛집']",2020-10-06,
"['#제주돈구어방문', '#제주월정리맛집', '#제주돈구어', '#제주세화해변맛집', '#제주구좌읍맛집', '#돈구어', '#제주세화맛집', '#제주세화해수욕장', '#제주고기집', '#제주도맛집추천', '#제주도삼겹살', '#제주월정리흑돼지', '#제주도숙성흑돼지']",2020-10-06,
"['#서귀포올레시장맛집', '#천제연폭포', '#제주근고기맛집', '#서귀포가볼만한곳', '#서귀포맛집', '#제주도맛집추천', '#중문흑돼지맛집까망돼지', '#중문맛집까망돼지', '#제주이색맛집', '#제주도흑돼지맛집까망돼지', '#제주도고기국수맛집', '#제주도가볼만한곳까망돼지', '#쇠소깍맛집', '#제주도흑돼지', '#제주도갈치조림맛집', '#서귀포고기국수맛집', '#색달해수욕장', '#서귀포맛집추천', '#제주도맛집까망돼지', '#중문흑돼지맛집까망돼지', '#서귀포올레길']",2020-10-06,
"['#267', '#제주도', '#제주도여행', '#제주도맛집', '#제주도맛집추천', '#제주도맛집탐방', '#제주예찬', '#은갈치조림', '#지짐한상', '#돔베고기', '#간장게장', '#차돌된장찌개', '#먹스타그램', '#맛스타그램', '#선팔맞팔', '#소통']",2020-10-06,
"['#자연스러운식당', '#올레시장맛집', '#제주신혼여행', '#제주핫플레이스', '#제주브런치', '#올레시장', '#새별오름맛집', '#제주브런치카페', '#제주도맛집추천', '#제주도가볼만한곳', '#제주신라호텔', '#히든클리프', '#쇠소깍맛집', '#제주가볼만한곳', '#성산맛집', '#중문맛집', '#서귀포맛집', '#서귀포가볼만한곳', '#쇠소깍맛집', '#제주도핫플레이스', '#오설록맛집', '#연돈', '#섭지코지맛집', '#서귀포가볼만한곳', '#jejucafe', '#서귀포맛집추천', '#제주맛집추천', '#제주도맛집추천', '#카멜리아힐맛집', '#베케', '#서귀포핫플', '#중문맛집추천', '#오설록맛집', '#연돈', '#산방산맛집']",2020-10-06,자연스러운식당
"['#제주도', '#제주도맛집추천', '#경치는포기한다']",2020-10-06,
"['#코로나19', '#라봉게스트하우스', '#제주도소규모게스트하우스', '#제주소규모게스트하우스', '#서귀포게스트하우스', '#소규모게스트하우스', '#제주소규모게하', '#제주도소규모게하파티', '#제주도게스트하우스파티', '#남원게스트하우스', '#표선게스트하우스', '#제주도핫플레이스', '#제주도동백마을', '#제주도조용한게스트하우스', '#제주도여행지추천', '#제주도맛집추천', '#제주맛집', '#제주핫플', '#제주숙소추천', '#서귀포숙소추천', '#사려니숲길', '#성산일출봉', '#쇠소깍', '#한라산근처숙소', '#좋아요', '#좋튀반사', '#좋아요반사', '#팔로우', '#선팔맞팔', '#소통']",2020-10-06,
[],2020-10-06,
"['#제주분식', '#제주맛집', '#제주도맛집', '#제주맛집추천', '#제주도맛집추천', '#제주도', '#제주맛집', '#용두암', '#신제주맛집', '#연동맛집', '#제주연동맛집', '#애월맛집', '#연동제주분식', '#제주공항근처맛집', '#제주공항맛집', '#돔베김밥', '#전복김밥', '#제주돈까스', '#jeju', '#제주도가볼만한곳']",2020-10-06,
"['#제주도흑돼지', '#제주맛집탐방', '#제주도가볼만한곳', '#서귀포고기국수맛집', '#서귀포맛집', '#제주도고기국수', '#중문맛집', '#중문맛집', '#서귀포올레시장', '#제주맛집', '#제주도맛집추천', '#제주도맛집', '#제주중문맛집', '#서귀포카페', '#서귀포흑돼지맛집', '#제주도국수']",2020-10-06,
[],2020-10-06,
"['#제주흑돼지', '#서귀포카페까망돼지', '#서귀포돈내코맛집', '#제주도맛집추천', '#제주도갈치조림맛집', '#서귀포올레시장맛집', '#서귀포맛집까망돼지', '#제주도카페', '#서귀포갈치조림맛집', '#제주도핫플까망돼지', '#제주이색맛집', '#제주오설록맛집', '#서귀포흑돼지맛집', '#제주도핫플', '#쇠소깍맛집', '#제주흑돼지맛집', '#중문갈치조림맛집', '#서귀포맛집까망돼지', '#서귀포흑돼지까망돼지', '#제주흑돼지맛집', '#신화월드맛집']",2020-10-06,
"['#제주도흑돼지맛집까망돼지', '#서귀포흑돼지', '#제주도여행코스', '#서귀포올레시장', '#제주도맛집투어', '#제주흑돼지', '#중문맛집', '#제주도먹방', '#중문관광단지맛집', '#제주도올레길', '#제주흑돼지맛집까망돼지', '#제주도맛집추천', '#제주도맛집까망돼지', '#서귀포흑돼지맛집', '#서귀포가볼만한곳', '#제주도이색맛집', '#제주도흑돼지맛집', '#제주도고기국수맛집', '#제주도흑돼지맛집까망돼지', '#서귀포돈내코맛집', '#중문맛집']",2020-10-06,
"['#연월', '#제주연월']",2020-10-06,애월해안도로
"['#바다풍경횟집', '#제주시내맛집', '#제주존맛식당', '#제주바다풍경횟집', '#제주공항근처횟집', '#제주도횟집추천', '#제주도맛집추천', '#바다풍경횟집가다', '#제주아이랑외식', '#제주횟집추천', '#제주찐맛집', '#제주맛집추천', '#제주공항도착']",2020-10-06,
"['#동래맛집', '#부평맛집', '#신사동맛집', '#종로맛집', '#제주공항맛집', '#수성구맛집', '#제주도맛집추천', '#거제도맛집', '#경리단길맛집']",2020-10-06,
"['#제주도카페', '#제주도맛집까망돼지', '#중문맛집', '#제주이색맛집', '#서귀포가볼만한곳까망돼지', '#제주도맛집', '#제주도갈치조림맛집', '#중문흑돼지맛집', '#서귀포흑돼지맛집', '#서귀포맛집', '#제주도가볼만한곳', '#제주도맛집', '#서귀포맛집', '#제주도가볼만한곳', '#중문관광단지맛집', '#서귀포맛집까망돼지', '#제주도맛집추천', '#제주도핫플레이스', '#제주도흑돼지맛집까망돼지', '#제주도맛집베스트', '#제주롯데호텔맛집', '#제주도가볼만한곳']",2020-10-06,
"['#제주흑돼지맛집', '#제주이색맛집', '#제주맛집', '#중문맛집', '#제주함덕맛집', '#제주도회국수', '#중문고기국수맛집', '#제주도맛집', '#중문맛집', '#제주도맛집추천', '#제주도먹거리', '#제주도갈치조림', '#제주중문맛집', '#제주도가볼만한곳', '#제주갈치조림맛집', '#서귀포맛집']",2020-10-06,
"['#제주맛집', '#제주고기국수맛집', '#중문맛집', '#제주가볼만한곳', '#제주도먹거리', '#제주성산맛집', '#제주도맛집추천', '#중문맛집', '#제주도갈치조림', '#제주갈치조림맛집', '#제주도고기국수맛집', '#서귀포맛집', '#중문맛집', '#제주도맛집', '#제주도갈치조림', '#제주중문맛집']",2020-10-06,
"['#서귀포갈치조림맛집', '#제주근고기맛집', '#제주갈치조림맛집', '#제주흑돼지맛집', '#제주도맛집까망돼지', '#제주맛집', '#제주흑돼지맛집까망돼지', '#제주도맛집추천', '#휴애리맛집', '#제주고기국수맛집', '#서귀포맛집', '#서귀포흑돼지맛집', '#제주도맛집까망돼지', '#제주중문맛집까망돼지', '#서귀포카페', '#제주도핫플', '#서귀포가볼만한곳까망돼지', '#제주도맛집', '#제주도가족여행', '#중문흑돼지', '#제주도맛집', '#제주도핫플']",2020-10-06,
"['#산도롱맨도롱', '#제주맛집', '#제주도카페', '#성산맛집', '#월정리카페', '#제주도민맛집', '#비자림맛집', '#제주도맛집추천', '#제주핫플', '#제주도핫플', '#제주아침식사', '#제주국수맛집', '#월정리아침식사']",2020-10-06,
"['#쇠소깍맛집', '#서귀포카페', '#제주근고기맛집', '#제주도커플여행', '#제주도맛집', '#제주도고기국수맛집', '#제주도가볼만한곳', '#올레시장맛집', '#서귀포흑돼지맛집', '#제주도흑돼지맛집까망돼지', '#중문해수욕장', '#중문해수욕장', '#제주먹방', '#제주도맛집까망돼지', '#제주도핫플', '#중문흑돼지', '#제주도흑돼지맛집', '#서귀포돈내코맛집', '#제주도핫플레이스', '#오설록맛집', '#제주도맛집추천']",2020-10-06,
"['#제주맛집', '#제주도맛집', '#제주맛집추천', '#제주도맛집추천', '#제주카페', '#제주도카페', '#애월맛집', '#애월카페', '#오설록맛집', '#한림맛집', '#협재맛집', '#협재카페', '#제주시맛집', '#제주도민맛집', '#전복장', '#딱새우장', '#제주가족여행', '#제주우정여행', '#제주혼밥', '#제주도혼밥', '#협재혼밥', '#애월혼밥', '#한림혼밥', '#제주커플여행']",2020-10-06,
"['#제주도맛집추천', '#서귀포흑돼지', '#서귀포올레길', '#신화월드맛집', '#제주도맛집베스트', '#제주고기국수맛집', '#제주도가볼만한곳', '#제주갈치조림맛집', '#중문흑돼지맛집', '#제주도핫플까망돼지', '#서귀포카페', '#서귀포흑돼지맛집', '#제주중문맛집', '#중문흑돼지', '#서귀포가볼만한곳까망돼지', '#제주도맛집', '#제주흑돼지맛집', '#서귀포돈내코맛집', '#서귀포올레시장', '#제주흑돼지', '#제주도먹방', '#제주도맛집']",2020-10-06,
"['#예쁜토퍼_폴라로이드토퍼모아보기', '#예쁜토퍼_여행토퍼모아보기', '#flaticon', '#예쁜토퍼']",2020-10-06,
"['#제주도국수', '#중문맛집', '#제주도핫플맛있수다', '#서귀포고기국수맛집', '#제주성산맛집', '#제주맛집', '#제주중문맛집', '#서귀포카페', '#제주도맛집추천', '#제주도맛집', '#제주흑돼지맛집', '#제주맛집탐방', '#제주중문맛집', '#제주도추천', '#서귀포맛집', '#제주도가볼만한곳']",2020-10-06,
"['#돔베고기', '#신메뉴', '#제주분식제주시', '#제주도공항맛집', '#제주맛집', '#제주도맛집추천', '#제주떡볶이', '#제주돈까스', '#돔베김밥', '#돔베라면', '#제주시맛집', '#신제주맛집', '#연동제주분식', '#제주연동맛집', '#제주가볼만한곳', '#노형동맛집', '#맛스타그램', '#데일리']",2020-10-06,
"['#바다풍경횟집', '#제주도횟집추천', '#바다풍경횟집가다', '#제주시내맛집', '#제주존맛식당', '#제주공항근처횟집', '#제주도맛집추천', '#제주바다풍경횟집', '#제주용두암맛집', '#제주맛집추천', '#제주아이랑외식', '#제주가볼만한곳', '#제주신혼여행']",2020-10-06,
"['#제주파스토', '#무늬파스타']",2020-10-06,
"['#제주도여행', '#제주여행', '#제주호텔', '#제주스타벅스', '#제주스타그램', '#제주도', '#제주도숙소', '#제주도맛집', '#제주도맛집베스트', '#제주도맛집추천', '#제주도팬션', '#서귀포맛집', '#서귀포카페', '#유동커피', '#스타벅스', '#제주카페', '#카페유주', '#유주카페', '#제주감성', '#제주카페', '#제주카페투어', '#제주핫플', '#제주스타그램', '#제주도맛집', '#제주여행', '#제주살이', '#제주한달살기', '#제주게스트하우스', '#제주동행게스트하우스', '#게하파티', '#게하파티핫한곳', '#제주해변', '#육고깃집', '#전도사님사랑해요']",2020-10-06,망원동 어딘가
[],2020-10-06,환상의 섬 Jeju Island
"['#동래맛집', '#부평맛집', '#신사동맛집', '#종로맛집', '#제주공항맛집', '#수성구맛집', '#제주도맛집추천', '#거제도맛집', '#경리단길맛집']",2020-10-06,
"['#중문맛집추천', '#오설록맛집', '#제주핫플레이스', '#제주브런치', '#제주애견', '#제주브런치카페', '#제주도맛집추천', '#제주도가볼만한곳', '#제주신라호텔', '#히든클리프', '#jejucafe', '#제주가볼만한곳', '#성산맛집', '#중문맛집', '#서귀포맛집', '#서귀포가볼만한곳', '#제주브런치', '#제주애견동반', '#제주도핫플레이스', '#제주애견동반카페', '#섭지코지맛집', '#새별오름맛집', '#제주맛집추천', '#제주데이트코스', '#제주도맛집추천', '#제주아이와갈만한곳', '#롯데호텔제주', '#자연스러운식당', '#제주도데이트코스', '#제주애견동반식당', '#제주키즈존', '#제주아이와가볼만한곳']",2020-10-06,자연스러운식당
"['#아우라키친', '#한라텐동']",2020-10-06,
"['#명동왕만두제주', '#조천맛집', '#제주', '#제주도', '#조천', '#조천맛집', '#만두집', '#매운음식매운맛집', '#김치만두', '#함덕', '#함덕맛집', '#제주맛집', '#제주도맛집', '#제주도맛집추천', '#가성비갑', '#데일리', '#좋아요', '#일상', '#셀럽', '#인싸', '#맛집스타그램', '#반사', '#선팔', '#맞팔', '#인스타그램']",2020-10-06,
['#어울림토퍼_여행깔끔한'],2020-10-06,
"['#오늘도무사히오픈', '#귀여운온니성격은안귀여움ㅋ']",2020-10-06,Aewol
"['#제주맛집', '#협재', '#프리또', '#인생떡볶이']",2020-10-06,
"['#제주도여행', '#제주맛집', '#프리또', '#프리또튀김다발', '#튀김다발', '#바다보며냠냠', '#힐링이', '#따로없네']",2020-10-06,
[],2020-10-06,
['#제주프리또'],2020-10-06,
"['#자연스러운식당', '#베케', '#제주도민맛집', '#이중섭거리맛집', '#제주핫플레이스', '#제주브런치', '#올레시장', '#서귀포핫플레이스', '#제주브런치카페', '#제주도맛집추천', '#제주도가볼만한곳', '#제주신라호텔', '#히든클리프', '#신화월드맛집', '#제주가볼만한곳', '#중문맛집', '#서귀포맛집', '#서귀포가볼만한곳', '#jejucafe', '#더본호텔', '#제주도핫플레이스', '#오설록맛집', '#섭지코지맛집', '#제주숨은맛집', '#제주도맛집추천', '#모슬포맛집', '#서귀포맛집추천', '#제주맛집추천', '#성산맛집', '#산방산맛집', '#표선맛집', '#제주맛집추천']",2020-10-06,자연스러운식당
"['#간장을품은소라게', '#제주도', '#제주', '#애월', '#제주애월', '#한림', '#곽지', '#곽지해수욕장', '#애월해안도로', '#제주도맛집', '#제주맛집', '#애월맛집', '#한림맛집', '#곽지해수욕장맛집', '#애월해안도로맛집', '#제주도맛집추천', '#제주맛집추천', '#애월맛집추천', '#제주도가볼만한곳', '#제주가볼만한곳', '#애월가볼만한곳', '#제주도민맛집', '#제주도도민맛집', '#제주도숨은맛집', '#제주도밥집', '#제주밥집', '#애월밥집', '#제주도혼밥', '#제주혼밥', '#애월혼밥']",2020-10-06,간장을 품은 소라게
[],2020-10-06,다도
"['#흑돼지', '#제주돈구어', '#제주세화맛집', '#제주세화해변맛집', '#제주월정리맛집', '#제주돈구어방문', '#돈구어', '#제주세화해수욕장', '#제주구좌읍맛집', '#제주오빠랑', '#제주먹방여행', '#제주도맛집추천', '#제주도여행필수코스', '#제주해안도로맛집']",2020-10-05,
['#아우라키친'],2020-10-05,
[],2020-10-05,
"['#제주프리또다시', '#제주맛집', '#jeju_in_roman연휴끝이라니']",2020-10-05,
"['#제주바다풍경횟집', '#제주도횟집추천', '#바다풍경횟집', '#바다풍경횟집가다', '#제주존맛식당', '#제주시내맛집', '#제주공항근처횟집', '#제주도맛집추천', '#제주아이랑외식', '#제주공항도착', '#제주가성비횟집', '#제주가성비맛집', '#제주가볼만한곳']",2020-10-05,
[],2020-10-05,
"['#제주여행', '#정보공유', '#제주프리또', '#협재맛집', '#금능맛집', '#한림맛집', '#애월맛집', '#한담맛집', '#신창맛집', '#제주맛집', '#제주도맛집', '#제주도민맛집', '#제주협재맛집', '#협재해수욕장맛집', '#한림공원맛집', '#협재맛집추천', '#한림맛집추천', '#애월맛집추천', '#제주맛집추천', '#제주도맛집추천', '#협재해수욕장', '#제주도여행', '#제주여행', '#제주한달살기', '#제주신혼여행', '#먹스타그램', '#맛스타그램', '#먹스타', '#먹방', '#제주', '#jeju', '#제주프리또']",2020-10-05,
"['#애월맛집', '#한림맛집', '#제주서쪽맛집', '#제주공항근처맛집', '#제주맛집', '#제주해남', '#제주해산물맛집', '#연돈', '#애월카페', '#제주도해물찜', '#제주도맛집추천', '#협재해수욕장맛집', '#곽지해수욕장맛집', '#월정리맛집', '#제주도가볼만한곳', '#제주도해물탕', '#한림밥집', '#한담맛집', '#애월맛집추천', '#곽지맛집', '#애월밥집', '#제주핫플', '#좋아요반사', '#맞팔']",2020-10-05,제주해남
"['#온다정', '#협재맛집추천']",2020-10-05,협재온다정
[],2020-10-05,한림칼국수
"['#제주분식', '#제주맛집', '#제주도맛집', '#제주맛집추천', '#제주도맛집추천', '#제주도', '#제주맛집', '#용두암', '#신제주맛집', '#연동맛집', '#제주연동맛집', '#애월맛집', '#연동제주분식', '#제주공항근처맛집', '#제주공항맛집', '#돔베김밥', '#전복김밥', '#제주돈까스', '#jeju', '#제주도가볼만한곳']",2020-10-05,
[],2020-10-05,
"['#제주가성비맛집', '#제주돈구어방문', '#제주월정리맛집', '#제주돈구어', '#제주세화맛집', '#제주세화해변맛집', '#제주구좌읍맛집', '#돈구어', '#제주세화해수욕장', '#제주도흑돼지', '#제주도맛집추천', '#제주해안도로맛집', '#제주오빠랑', '#제주도신혼여행']",2020-10-05,
"['#갈치조림', '#전복죽', '#성게미역국싱싱한', '#성산일출봉맛집', '#성산일출봉갈치조림', '#제주도현지인맛집', '#광치기해변', '#섭지코지', '#제주성산맛집', '#성산일출봉전복죽', '#제주성산일출봉맛집', '#제주도성산일출봉맛집', '#제주도현지인맛집', '#표선맛집', '#성산일출봉갈치', '#성산일출봉혼밥', '#성산일출봉아침식사', '#성산일출봉', '#제주현지인맛집', '#제주도민맛집', '#제주도맛집추천', '#제주현지맛집']",2020-10-05,섭지코지 (Seopjikoji)
"['#갈치조림', '#전복죽', '#성게미역국싱싱한', '#성산일출봉맛집', '#성산일출봉갈치조림', '#제주도현지인맛집', '#광치기해변', '#섭지코지', '#제주성산맛집', '#성산일출봉전복죽', '#제주성산일출봉맛집', '#제주도성산일출봉맛집', '#제주도현지인맛집', '#표선맛집', '#성산일출봉갈치', '#성산일출봉혼밥', '#성산일출봉아침식사', '#성산일출봉', '#제주현지인맛집', '#제주도민맛집', '#제주도맛집추천', '#제주현지맛집']",2020-10-05,제주도 성산일출봉
"['#제주맛집', '#제주도맛집', '#제주맛집추천', '#제주도맛집추천', '#제주카페', '#제주도카페', '#애월맛집', '#애월카페', '#오설록맛집', '#한림맛집', '#협재맛집', '#협재카페', '#제주시맛집', '#제주도민맛집', '#전복장', '#딱새우장', '#제주가족여행', '#제주우정여행', '#제주혼밥', '#제주도혼밥', '#협재혼밥', '#애월혼밥', '#한림혼밥', '#제주커플여행']",2020-10-05,
"['#제주도맛집추천', '#제주공항근처횟집', '#제주도횟집추천', '#바다풍경횟집가다', '#바다풍경횟집', '#제주시내맛집', '#제주바다풍경횟집', '#제주존맛식당', '#제주신혼여행', '#제주도신혼여행코스', '#제주아이랑외식', '#제주가볼만한곳', '#제주도신혼여행부부코스']",2020-10-05,
"['#돔베고기', '#신메뉴', '#제주분식제주시', '#제주도공항맛집', '#제주맛집', '#제주도맛집추천', '#제주떡볶이', '#제주돈까스', '#돔베김밥', '#돔베라면', '#제주시맛집', '#신제주맛집', '#연동제주분식', '#제주연동맛집', '#제주가볼만한곳', '#노형동맛집', '#맛스타그램', '#데일리']",2020-10-05,
"['#놀맨', '#놀맨라면', '#놀맨']",2020-10-05,제주도 애월읍
"['#제주분식주소', '#전복김밥', '#돔베라면', '#돔베김밥', '#돔베덮밥', '#수제흑돈까스', '#제주맛집', '#제주도맛집', '#제주맛집추천', '#제주도맛집추천', '#제주공항근처맛집', '#제주공항맛집', '#제주도공항맛집', '#제주도공항근처맛집', '#제주공항근처아침식사', '#제주시맛집', '#제주도민맛집', '#신제주맛집', '#연동맛집', '#연동제주분식', '#애월맛집', '#제주맛가볼만한곳', '#제주여행']",2020-10-05,
"['#제주친절한맛집', '#제주바다풍경횟집', '#제주공항근처횟집', '#바다풍경횟집가다', '#제주도맛집추천', '#제주시내맛집', '#제주도횟집추천', '#제주존맛식당', '#바다풍경횟집', '#제주시청맛집', '#제주라마다호텔맛집', '#제주신라스테이맛집', '#제주가성비횟집', '#제주찐맛집']",2020-10-05,
"['#쉬어갓', '#제주맛집', '#제주도카페', '#성산맛집', '#월정리카페', '#제주도민맛집', '#성산일출봉카페', '#제주도맛집추천', '#제주핫플', '#제주도핫플', '#성산카페추천']",2020-10-05,
"['#쉬어갓', '#제주맛집', '#제주도카페', '#성산맛집', '#월정리카페', '#제주도민맛집', '#성산일출봉카페', '#제주도맛집추천', '#제주핫플', '#제주도핫플', '#성산카페추천']",2020-10-05,
"['#제주분식', '#제주맛집', '#제주도맛집', '#제주맛집추천', '#제주도맛집추천', '#제주도', '#제주맛집', '#용두암', '#신제주맛집', '#연동맛집', '#제주연동맛집', '#애월맛집', '#연동제주분식', '#제주공항근처맛집', '#제주공항맛집', '#돔베김밥', '#전복김밥', '#제주돈까스', '#jeju', '#제주도가볼만한곳']",2020-10-05,
"['#제주가성비맛집', '#제주돈구어방문', '#제주월정리맛집', '#제주돈구어', '#제주세화맛집', '#제주세화해변맛집', '#제주구좌읍맛집', '#돈구어', '#제주세화해수욕장', '#제주도흑돼지', '#제주도맛집추천', '#제주해안도로맛집', '#제주오빠랑', '#제주도신혼여행']",2020-10-05,
"['#바다풍경횟집', '#제주공항근처횟집', '#바다풍경횟집가다', '#제주도맛집추천', '#제주도횟집추천', '#제주시내맛집', '#제주바다풍경횟집', '#제주존맛식당', '#제주도존맛', '#제주도신혼여행부부코스', '#제주가볼만한곳', '#제주아이랑여행', '#제주가성비맛집']",2020-10-05,
"['#돔베고기', '#신메뉴', '#제주분식제주시', '#제주도공항맛집', '#제주맛집', '#제주도맛집추천', '#제주떡볶이', '#제주돈까스', '#돔베김밥', '#돔베라면', '#제주시맛집', '#신제주맛집', '#연동제주분식', '#제주연동맛집', '#제주가볼만한곳', '#노형동맛집', '#맛스타그램', '#데일리']",2020-10-05,
"['#제주존맛식당', '#제주도횟집추천', '#제주도맛집추천', '#바다풍경횟집', '#바다풍경횟집가다', '#제주바다풍경횟집', '#제주공항근처횟집', '#제주시내맛집', '#제주도유명한맛집', '#제주수요미식회맛집', '#제주신혼여행', '#제주도신혼여행코스', '#제주아이랑외식']",2020-10-05,
"['#제주맛집', '#제주도맛집', '#제주맛집추천', '#제주도맛집추천', '#제주카페', '#제주도카페', '#애월맛집', '#애월카페', '#오설록맛집', '#한림맛집', '#협재맛집', '#협재카페', '#제주시맛집', '#제주도민맛집', '#전복장', '#딱새우장', '#제주가족여행', '#제주우정여행', '#제주혼밥', '#제주도혼밥', '#협재혼밥', '#애월혼밥', '#한림혼밥', '#제주커플여행']",2020-10-05,
[],2020-10-05,
"['#테네시테이블', '#타코버거', '#세화맛집', '#tennesseetable', '#jejuisland', '#jejurestaurant', '#제주맛집', '#제주수제버거', '#제주도맛집추천', '#제주여행', '#제주살기', '#제주일상', '#제주도민맛집']",2020-10-05,Tennessee Table Jeju
"['#제주도여행', '#아기해녀의집', '#해물라면기름떡볶이와', '#해물떡볶이', '#제주여행', '#애월바다', '#애월맛집', '#제주애월맛집', '#제주해물라면맛집', '#애월아기해녀의집', '#제주도푸른밤', '#쏘롱스타그램']",2020-10-05,제주도 애월읍
"['#제주분식주소', '#전복김밥', '#돔베라면', '#돔베김밥', '#돔베덮밥', '#수제흑돈까스', '#제주맛집', '#제주도맛집', '#제주맛집추천', '#제주도맛집추천', '#제주공항근처맛집', '#제주공항맛집', '#제주도공항맛집', '#제주도공항근처맛집', '#제주공항근처아침식사', '#제주시맛집', '#제주도민맛집', '#신제주맛집', '#연동맛집', '#연동제주분식', '#애월맛집', '#제주맛가볼만한곳', '#제주여행']",2020-10-05,
['#우미노식탁'],2020-10-05,
"['#제주공항근처횟집', '#제주도맛집추천', '#바다풍경횟집가다', '#제주존맛식당', '#제주도횟집추천', '#제주시내맛집', '#바다풍경횟집', '#제주바다풍경횟집', '#제주도회포장', '#제주시청맛집', '#제주수요미식회맛집', '#제주횟집추천', '#제주가볼만한곳']",2020-10-05,
"['#마녀상회', '#제주산돼지고기', '#흑돼지근고기', '#백돼지근고기', '#맛집', '#제주', '#제주도', '#제주도맛집', '#서귀포맛집', '#제주도맛집추천', '#서귀포맛집추천', '#제주도흑돼지맛집', '#서귀포흑돼지맛집', '#제주도근고기', '#흑돼지맛집', '#제주마녀상회', '#제주가볼만한곳', '#서귀포가볼만한곳', '#제주도민맛집', '#도민추천맛집', '#제주도아이와가볼만한곳', '#제주아이와갈만한곳', '#제주반려견동반', '#제주애견동반식당', '#제주애견동반', '#제주추천맛집', '#제주추천코스']",2020-10-05,마녀상회
"['#마녀상회', '#제주산돼지고기', '#흑돼지근고기', '#백돼지근고기', '#맛집', '#제주', '#제주도', '#제주도맛집', '#서귀포맛집', '#제주도맛집추천', '#서귀포맛집추천', '#제주도흑돼지맛집', '#서귀포흑돼지맛집', '#제주도근고기', '#흑돼지맛집', '#제주마녀상회', '#제주가볼만한곳', '#서귀포가볼만한곳', '#제주도민맛집', '#도민추천맛집', '#제주도아이와가볼만한곳', '#제주아이와갈만한곳', '#제주반려견동반', '#제주애견동반식당', '#제주애견동반', '#제주추천맛집', '#제주추천코스']",2020-10-05,마녀상회
"['#마녀상회', '#제주산돼지고기', '#흑돼지근고기', '#백돼지근고기', '#맛집', '#제주', '#제주도', '#제주도맛집', '#서귀포맛집', '#제주도맛집추천', '#서귀포맛집추천', '#제주도흑돼지맛집', '#서귀포흑돼지맛집', '#제주도근고기', '#흑돼지맛집', '#제주마녀상회', '#제주가볼만한곳', '#서귀포가볼만한곳', '#제주도민맛집', '#도민추천맛집', '#제주도아이와가볼만한곳', '#제주아이와갈만한곳', '#제주반려견동반', '#제주애견동반식당', '#제주애견동반', '#제주추천맛집', '#제주추천코스']",2020-10-05,마녀상회
"['#이런사진은', '#밤에올려야', '#제맛']",2020-10-05,Jeju-do
"['#제주도추천', '#제주함덕맛집', '#제주가볼만한곳', '#제주도맛집', '#제주도맛집추천', '#제주도핫플맛있수다', '#제주중문맛집', '#서귀포고기국수맛집', '#제주도국수', '#제주맛집', '#서귀포흑돼지맛집', '#중문맛집', '#제주도흑돼지맛집', '#중문맛집', '#제주흑돼지맛집', '#서귀포맛집']",2020-10-05,
"['#제주도맛집', '#제주맛집', '#제주도맛집추천', '#제주맛집추천', '#협재해수욕장맛집', '#제주카페추천', '#제주도카페추천', '#제주도민맛집', '#오설록맛집', '#협재맛집', '#협재카페', '#한림맛집', '#애월맛집', '#애월카페', '#제주여행', '#제주도여행']",2020-10-05,인생밥집
"['#제주도여행', '#제주도먹방', '#제주도해물라면', '#해물라면맛집', '#먹투어', '#먹부림', '#먹스타그램', '#찐맛집', '#제주도맛집추천', '#맛집추천', '#인생라면', '#jeju', '#jejulife', '#daily', '#dailyfood', '#like4likes', '#likeforlikes', '#행복', '#좋아요반사', '#좋아요', '#좋반', '#첫줄반사', '#소통', '#소통해요', '#먹킷리스트']",2020-10-05,
"['#제주도맛집', '#제주맛집', '#제주도맛집추천', '#제주맛집추천', '#협재해수욕장맛집', '#제주카페추천', '#제주도카페추천', '#제주도민맛집', '#오설록맛집', '#협재맛집', '#협재카페', '#한림맛집', '#애월맛집', '#애월카페', '#제주여행', '#제주도여행']",2020-10-05,인생밥집
"['#제주분식', '#제주맛집', '#제주도맛집', '#제주맛집추천', '#제주도맛집추천', '#제주도', '#제주맛집', '#용두암', '#신제주맛집', '#연동맛집', '#제주연동맛집', '#애월맛집', '#연동제주분식', '#제주공항근처맛집', '#제주공항맛집', '#돔베김밥', '#전복김밥', '#제주돈까스', '#jeju', '#제주도가볼만한곳']",2020-10-05,
"['#중문맛집', '#제주도맛집추천', '#중문맛집', '#제주핫플레이스', '#제주중문맛집', '#제주도먹거리', '#제주도맛집', '#제주도맛집', '#서귀포맛집', '#중문흑돼지맛집', '#제주도흑돼지', '#제주도고기국수맛집', '#제주맛집', '#제주성산', '#제주도가볼만한곳', '#제주고기국수맛집']",2020-10-05,
"['#중문흑돼지맛집', '#제주이색맛집', '#제주도맛집추천', '#제주성산맛집', '#제주도국수', '#제주도가볼만한곳', '#제주고기국수맛집', '#제주도흑돼지맛집', '#제주도고기국수맛집', '#제주도흑돼지', '#서귀포맛집', '#중문맛집', '#제주도맛집', '#제주중문맛집', '#제주도핫플', '#제주이색맛집']",2020-10-05,
"['#제주도이색맛집', '#제주흑돼지맛집', '#제주도흑돼지맛집', '#제주도가볼만한곳', '#제주도핫플레이스', '#서귀포흑돼지맛집', '#서귀포카페', '#제주도맛집', '#중문관광단지맛집', '#제주도맛집추천', '#서귀포올레시장', '#제주오설록맛집', '#제주도흑돼지맛집', '#제주도여행코스', '#제주먹방', '#제주도맛집투어', '#중문갈치조림맛집', '#제주흑돼지맛집까망돼지', '#천제연폭포', '#중문흑돼지맛집', '#제주도가볼만한곳']",2020-10-05,
"['#제주성산맛집', '#서귀포맛집', '#서귀포흑돼지맛집', '#제주도맛집추천', '#제주도먹방', '#제주도갈치조림맛집', '#서귀포흑돼지맛집', '#제주중문맛집', '#제주도흑돼지', '#제주맛집', '#중문맛집', '#제주도흑돼지맛집', '#제주도맛집', '#제주도갈치조림', '#제주도맛집맛있수다', '#제주도맛집']",2020-10-05,
"['#제주도가볼만한곳', '#서귀포흑돼지맛집', '#중문흑돼지맛집까망돼지', '#제주중문맛집까망돼지', '#제주도흑돼지맛집까망돼지', '#제주도맛집추천', '#서귀포흑돼지맛집', '#제주도핫플까망돼지', '#중문흑돼지', '#제주도이색맛집', '#제주도먹방', '#제주도고기국수맛집', '#제주도맛집', '#제주도가볼만한곳', '#신화월드맛집', '#제주도이색맛집까망돼지', '#제주이색맛집까망돼지', '#제주도가볼만한곳', '#중문고기국수맛집', '#제주중문맛집까망돼지', '#제주이색맛집', '#서귀포올레길']",2020-10-05,
['#한라진칼국수'],2020-10-05,한라진칼국수
"['#고맙습니다', '#엘리펀트힙']",2020-10-05,아라리오 탑동씨네마
"['#제주도맛집추천', '#제주도횟집추천', '#바다풍경횟집', '#제주시내맛집', '#제주존맛식당', '#바다풍경횟집가다', '#제주바다풍경횟집', '#제주공항근처횟집', '#제주공항근처술집', '#제주도여행', '#줄서서먹는제주도횟집', '#제주도유명한맛집', '#제주용두암맛집']",2020-10-05,
"['#휴애리맛집', '#제주흑돼지', '#서귀포흑돼지맛집', '#제주도올레길', '#중문흑돼지맛집', '#제주도흑돼지맛집', '#제주도흑돼지', '#서귀포돈내코맛집', '#제주도맛집베스트', '#제주도가볼만한곳', '#서귀포갈치조림맛집', '#제주맛집까망돼지', '#제주도커플여행', '#제주도맛집추천', '#중문고기국수맛집', '#중문관광단지맛집', '#제주도핫플', '#제주도가볼만한곳', '#제주도먹방', '#제주고기국수맛집', '#제주롯데호텔맛집']",2020-10-05,
"['#제주맛집탐방', '#제주도짬뽕', '#서귀포고기국수맛집', '#서귀포맛집', '#제주중문맛집', '#제주고기국수맛집', '#제주도고기국수', '#서귀포가볼만한곳', '#제주도맛집', '#제주이색맛집', '#중문맛집', '#제주중문맛집', '#제주맛집', '#제주도맛집추천', '#제주도핫플맛있수다', '#제주도흑돼지']",2020-10-05,
"['#중문맛집', '#제주맛집탐방', '#서귀포카페', '#제주도맛집추천', '#제주도먹방', '#제주도맛집', '#중문고기국수맛집', '#제주갈치조림맛집', '#제주고기국수맛집', '#제주함덕맛집', '#제주협재맛집', '#서귀포맛집', '#제주도고기국수', '#제주중문맛집', '#서귀포올레시장', '#제주도갈치조림맛집']",2020-10-05,
[],2020-10-05,
['#한라진칼국수'],2020-10-05,한라진칼국수
"['#제주함덕맛집', '#제주협재맛집', '#제주도맛집', '#서귀포갈치조림맛집', '#제주도추천', '#중문고기국수맛집', '#제주가볼만한곳', '#제주도맛집추천', '#제주도여행', '#제주중문맛집', '#제주도흑돼지맛집', '#제주흑돼지맛집', '#중문맛집', '#제주갈치조림맛집', '#서귀포맛집', '#제주도먹방']",2020-10-05,
"['#맛집인증', '#제주도맛집추천', '#제주맛집인증', '#인생맛집', '#제주도여행', '#제주여행', '#제주도가볼만한곳', '#제주가볼만한곳', '#제주핫플추천', '#제주투어', '#제주데이트', '#제주밥집', '#오늘뭐먹지', '#제주한달살이', '#제주도민', '#제주도민맛집', '#제주도민추천', '#먹방', '#제주로컬맛집', '#갈치조림맛집', '#갈치조림', '#해물탕맛집', '#해물탕', '#연동맛집', '#신제주맛집', '#도민추천', '#저녁뭐먹지', '#전국맛집', '#당근마켓', '#당근마켓']",2020-10-05,논짓물식당
"['#제주도가족여행', '#제주중문맛집까망돼지', '#서귀포가볼만한곳까망돼지', '#제주도맛집', '#제주흑돼지맛집', '#제주도맛집추천', '#서귀포가볼만한곳', '#중문흑돼지맛집까망돼지', '#신화월드맛집', '#제주도갈치조림맛집', '#서귀포돈내코맛집', '#서귀포카페', '#제주도흑돼지맛집', '#제주도핫플', '#서귀포흑돼지까망돼지', '#제주도여행코스', '#제주도고기국수맛집', '#제주도맛집', '#중문맛집', '#제주흑돼지맛집', '#제주도이색맛집', '#제주신화월드맛집']",2020-10-05,
"['#바다풍경횟집', '#제주공항근처횟집', '#제주바다풍경횟집', '#제주시내맛집', '#제주도횟집추천', '#바다풍경횟집가다', '#제주도맛집추천', '#제주존맛식당', '#제주도신혼여행코스', '#제주가볼만한곳', '#제주공항도착', '#제주공항근처술집', '#제주가성비횟집']",2020-10-05,
"['#서귀포가볼만한곳', '#제주중문맛집', '#서귀포맛집', '#중문맛집', '#제주도맛집', '#제주도맛집추천', '#제주도흑돼지', '#서귀포카페', '#제주협재맛집', '#제주도핫플', '#제주도흑돼지', '#제주도먹거리', '#제주고기국수맛집', '#제주도맛집맛있수다', '#제주도짬뽕', '#제주도갈치조림']",2020-10-05,
"['#돔베고기', '#신메뉴', '#제주분식제주시', '#제주도공항맛집', '#제주맛집', '#제주도맛집추천', '#제주떡볶이', '#제주돈까스', '#돔베김밥', '#돔베라면', '#제주시맛집', '#신제주맛집', '#연동제주분식', '#제주연동맛집', '#제주가볼만한곳', '#노형동맛집', '#맛스타그램', '#데일리']",2020-10-05,
"['#중문맛집', '#제주도맛집', '#제주도고기국수', '#제주도갈치조림', '#중문맛집', '#중문맛집', '#제주중문맛집', '#제주도맛집추천', '#제주함덕맛집', '#제주도맛집', '#제주고기국수맛집', '#서귀포맛집', '#제주이색맛집', '#중문맛집', '#제주도갈치조림맛집', '#제주맛집탐방']",2020-10-05,
"['#애월고깃집', '#숯불갈비전문점', '#제주도맛집추천', '#제주도여행', '#제주도핫플레이스', '#제주도숨은맛집', '#돼지갈비맛집', '#생돼지갈비맛집', '#가성비맛집']",2020-10-05,
"['#서귀포맛집', '#서귀포흑돼지맛집', '#제주갈치조림맛집', '#제주도흑돼지맛집', '#제주중문맛집', '#제주신라호텔맛집', '#제주도맛집추천', '#제주맛집', '#서귀포흑돼지까망돼지', '#제주도갈치조림맛집', '#제주도커플여행', '#서귀포갈치조림맛집', '#서귀포올레길', '#제주도카페', '#서귀포돈내코맛집', '#제주도여행코스', '#제주도핫플까망돼지', '#제주도흑돼지', '#올레시장맛집', '#제주도맛집베스트', '#제주도고기국수맛집']",2020-10-05,
"['#제주도먹방', '#제주도추천', '#성산맛집', '#제주도핫플레이스', '#중문맛집', '#제주도맛집추천', '#제주중문맛집', '#제주도맛집', '#중문맛집', '#서귀포맛집', '#제주도갈치조림', '#제주도갈치조림', '#서귀포가볼만한곳', '#제주이색맛집', '#제주도고기국수', '#제주도먹거리']",2020-10-05,
"['#제주분식주소', '#전복김밥', '#돔베라면', '#돔베김밥', '#돔베덮밥', '#수제흑돈까스', '#제주맛집', '#제주도맛집', '#제주맛집추천', '#제주도맛집추천', '#제주공항근처맛집', '#제주공항맛집', '#제주도공항맛집', '#제주도공항근처맛집', '#제주공항근처아침식사', '#제주시맛집', '#제주도민맛집', '#신제주맛집', '#연동맛집', '#연동제주분식', '#애월맛집', '#제주맛가볼만한곳', '#제주여행']",2020-10-05,
"['#중문맛집', '#제주갈치조림맛집', '#제주중문맛집까망돼지', '#제주도고기국수맛집', '#제주도올레길', '#제주도흑돼지맛집', '#제주먹방', '#중문흑돼지맛집까망돼지', '#제주도여행코스', '#중문맛집', '#서귀포갈치조림맛집', '#제주도가볼만한곳', '#제주이색맛집', '#중문흑돼지맛집', '#서귀포맛집추천', '#제주도흑돼지맛집까망돼지', '#제주고기국수맛집', '#제주도맛집추천', '#서귀포가볼만한곳', '#서귀포맛집까망돼지', '#제주흑돼지']",2020-10-05,
"['#제주도가볼만한곳', '#제주중문맛집', '#서귀포흑돼지맛집', '#제주도이색맛집까망돼지', '#제주이색맛집까망돼지', '#중문고기국수맛집', '#제주도핫플', '#제주먹방', '#제주도핫플레이스', '#중문맛집', '#서귀포맛집까망돼지', '#제주맛집', '#중문해수욕장', '#제주도고기국수맛집', '#제주도맛집', '#제주도맛집추천', '#서귀포올레시장맛집', '#서귀포흑돼지맛집', '#제주도맛집까망돼지', '#제주도흑돼지맛집까망돼지', '#중문흑돼지맛집까망돼지', '#중문맛집까망돼지']",2020-10-05,
"['#제주공항근처횟집', '#바다풍경횟집가다', '#제주도횟집추천', '#제주도맛집추천', '#제주바다풍경횟집', '#바다풍경횟집', '#제주존맛식당', '#제주시내맛집', '#제주수요미식회맛집', '#제주횟집추천', '#제주라마다호텔맛집', '#제주찐맛집', '#제주도존맛']",2020-10-05,
"['#제주도핫플레이스', '#제주도흑돼지', '#중문맛집', '#제주도갈치조림', '#서귀포맛집', '#제주도맛집', '#제주도고기국수맛집', '#제주도맛집추천', '#서귀포흑돼지맛집', '#제주중문맛집', '#제주도먹방', '#서귀포고기국수맛집', '#제주가볼만한곳', '#제주도흑돼지', '#제주핫플레이스', '#제주맛집탐방']",2020-10-05,
"['#제주공항근처맛집', '#제주맛집', '#제주도맛집', '#제주맛집추천', '#제주도맛집추천', '#제주여행', '#제주도여행', '#제주도', '#제주가볼만한곳', '#제주핫플']",2020-10-05,
"['#자연스러운식당', '#올레시장맛집', '#중문맛집추천', '#제주핫플레이스', '#제주브런치', '#올레시장', '#서귀포핫플레이스', '#제주브런치카페', '#제주도맛집추천', '#제주도가볼만한곳', '#신화월드맛집', '#히든클리프', '#쇠소깍맛집', '#제주가볼만한곳', '#성산맛집', '#중문맛집', '#서귀포맛집', '#서귀포가볼만한곳', '#신라호텔제주', '#제주도핫플레이스', '#오설록맛집', '#연돈', '#섭지코지맛집', '#서귀포가볼만한곳', '#jejucafe', '#서귀포브런치', '#제주맛집추천', '#제주도맛집추천', '#제주신혼여행', '#베케', '#제주허브동산', '#서귀포카페']",2020-10-05,자연스러운식당
"['#제주먹방', '#제주흑돼지맛집', '#중문고기국수맛집', '#제주흑돼지맛집', '#서귀포흑돼지맛집', '#제주도핫플까망돼지', '#중문맛집', '#중문맛집', '#서귀포흑돼지까망돼지', '#제주도여행코스', '#서귀포올레길', '#서귀포갈치조림맛집', '#색달해수욕장', '#중문흑돼지맛집', '#제주이색맛집', '#제주도맛집추천', '#쇠소깍맛집', '#중문흑돼지', '#중문흑돼지맛집', '#제주도맛집까망돼지', '#서귀포카페']",2020-10-05,
"['#제주도맛집', '#서귀포가볼만한곳', '#중문맛집', '#제주도회국수', '#제주갈치조림맛집', '#서귀포맛집', '#제주도흑돼지', '#제주협재맛집', '#제주도고기국수', '#제주도먹거리', '#제주도갈치조림', '#제주도추천', '#중문고기국수맛집', '#제주도핫플', '#제주도맛집추천', '#제주중문맛집']",2020-10-05,
"['#제주도맛집추천', '#중문맛집', '#서귀포올레시장맛집', '#중문흑돼지맛집', '#제주도가볼만한곳', '#제주히든클리프맛집', '#제주도가볼만한곳', '#제주도흑돼지', '#제주중문맛집', '#제주도먹방', '#제주맛집', '#중문고기국수맛집', '#제주도카페', '#중문맛집', '#서귀포흑돼지까망돼지', '#천제연폭포', '#서귀포갈치조림맛집', '#중문흑돼지맛집', '#제주도점심', '#서귀포맛집', '#서귀포올레길까망돼지']",2020-10-05,
"['#서귀포고기국수맛집', '#제주도맛집', '#제주도가볼만한곳까망돼지', '#제주도먹방', '#제주히든클리프맛집', '#제주도맛집추천', '#제주이색맛집', '#중문흑돼지', '#제주도고기국수맛집', '#제주중문맛집', '#제주도여행코스', '#중문해수욕장', '#제주도이색맛집', '#제주도핫플레이스', '#제주도흑돼지맛집', '#중문흑돼지맛집', '#제주도맛집', '#제주도올레길', '#제주흑돼지맛집', '#중문맛집까망돼지', '#서귀포맛집까망돼지']",2020-10-05,
"['#제주맛집', '#제주도맛집', '#제주맛집추천', '#제주도맛집추천', '#제주카페', '#제주도카페', '#애월맛집', '#애월카페', '#오설록맛집', '#한림맛집', '#협재맛집', '#협재카페', '#제주시맛집', '#제주도민맛집', '#전복장', '#딱새우장', '#제주가족여행', '#제주우정여행', '#제주혼밥', '#제주도혼밥', '#협재혼밥', '#애월혼밥', '#한림혼밥', '#제주커플여행']",2020-10-05,
"['#중문흑돼지맛집', '#제주근고기맛집', '#제주도맛집까망돼지', '#제주도흑돼지맛집', '#제주도핫플', '#휴애리맛집', '#제주도맛집', '#서귀포맛집', '#제주맛집', '#제주도맛집추천', '#제주도올레길', '#중문흑돼지맛집까망돼지', '#쇠소깍맛집', '#서귀포올레시장', '#서귀포흑돼지맛집', '#서귀포카페까망돼지', '#중문흑돼지맛집', '#제주중문맛집까망돼지', '#제주도갈치조림맛집', '#서귀포가볼만한곳까망돼지', '#제주도맛집', '#제주도가볼만한곳']",2020-10-05,
"['#서귀포맛집', '#중문맛집', '#서귀포올레시장', '#제주이색맛집', '#제주이색맛집', '#제주함덕맛집', '#제주도맛집', '#제주도국수', '#서귀포흑돼지맛집', '#제주맛집탐방', '#제주도맛집추천', '#제주도고기국수맛집', '#제주도가볼만한곳', '#중문맛집', '#제주중문맛집', '#제주도갈치조림']",2020-10-05,
"['#중문흑돼지맛집까망돼지', '#제주도핫플레이스', '#제주더본호텔맛집', '#중문해수욕장', '#서귀포고기국수맛집', '#제주맛집', '#중문흑돼지맛집', '#서귀포흑돼지맛집', '#제주도여행코스', '#제주오설록맛집', '#제주흑돼지', '#제주도맛집추천', '#제주갈치조림맛집', '#제주흑돼지맛집', '#서귀포맛집', '#서귀포가볼만한곳', '#중문관광단지맛집', '#제주도맛집까망돼지', '#제주도흑돼지맛집까망돼지', '#서귀포흑돼지맛집', '#중문흑돼지']",2020-10-05,
"['#제주히든클리프맛집', '#쇠소깍맛집', '#서귀포흑돼지까망돼지', '#중문고기국수맛집', '#중문맛집', '#제주도고기국수맛집', '#제주먹방', '#서귀포맛집', '#제주맛집까망돼지', '#제주도가볼만한곳', '#제주도맛집베스트', '#제주도맛집추천', '#중문흑돼지맛집', '#중문해수욕장', '#제주흑돼지맛집까망돼지', '#제주도핫플레이스', '#제주도맛집', '#제주흑돼지맛집', '#제주도핫플', '#제주도커플여행', '#중문흑돼지맛집까망돼지']",2020-10-05,
[],2020-10-05,중문조림식당
"['#제주중문맛집', '#서귀포가볼만한곳', '#서귀포고기국수맛집', '#중문맛집', '#서귀포맛집', '#제주맛집탐방', '#성산맛집', '#제주고기국수맛집', '#제주핫플레이스', '#제주도맛집', '#제주도맛집추천', '#중문맛집', '#제주도고기국수맛집', '#제주도회국수', '#제주도국수', '#서귀포카페']",2020-10-05,
"['#바다풍경횟집', '#바다풍경횟집가다', '#제주바다풍경횟집', '#제주시내맛집', '#제주도맛집추천', '#제주존맛식당', '#제주도횟집추천', '#제주공항근처횟집', '#제주라마다호텔맛집', '#제주찐맛집', '#제주진짜맛집', '#제주용두암맛집', '#줄서서먹는제주도횟집']",2020-10-05,
"['#제주성산', '#제주중문맛집', '#중문맛집', '#제주고기국수맛집', '#제주도먹방', '#서귀포맛집', '#제주고기국수맛집', '#제주도흑돼지', '#제주도맛집', '#제주협재맛집', '#제주흑돼지맛집', '#서귀포고기국수맛집', '#제주도맛집추천', '#제주가볼만한곳', '#제주도먹거리', '#제주도맛집']",2020-10-05,
"['#중문맛집', '#제주맛집', '#제주도맛집추천', '#제주중문맛집', '#서귀포고기국수맛집', '#서귀포흑돼지맛집', '#제주도핫플맛있수다', '#제주도맛집', '#제주맛집탐방', '#제주도갈치조림맛집', '#제주도맛집맛있수다', '#서귀포올레시장', '#서귀포맛집', '#제주성산맛집', '#제주도맛집', '#제주도추천']",2020-10-05,
"['#제주분식', '#제주맛집', '#제주도맛집', '#제주맛집추천', '#제주도맛집추천', '#제주도', '#제주맛집', '#용두암', '#신제주맛집', '#연동맛집', '#제주연동맛집', '#애월맛집', '#연동제주분식', '#제주공항근처맛집', '#제주공항맛집', '#돔베김밥', '#전복김밥', '#제주돈까스', '#jeju', '#제주도가볼만한곳']",2020-10-05,
"['#돈구어', '#제주세화맛집', '#제주돈구어', '#제주월정리맛집', '#제주세화해수욕장', '#제주구좌읍맛집', '#제주돈구어방문', '#제주세화해변맛집', '#제주세화해수욕장맛집', '#제주도삼겹살', '#제주도맛집추천', '#제주도숙성흑돼지', '#제주드라이브코스']",2020-10-05,
"['#제주도해물찜', '#제주해물찜', '#제주맛집', '#제주도맛집', '#협재해변맛집', '#협재_제주광어천국', '#협재맛집', '#협재술집', '#협재밥집', '#협재해수욕장맛집', '#금능해변맛집', '#한경면맛집', '#안덕면맛집', '#제주도회', '#제주회', '#제주광어천국_문어해물찜', '#제주도광어', '#제주도맛집추천', '#제주물회', '#협재회포장', '#제주도가볼만한곳', '#제주도여행', '#제주도숨은맛집', '#광어요리']",2020-10-05,
"['#제주도해물찜', '#제주해물찜', '#제주맛집', '#제주도맛집', '#협재해변맛집', '#협재_제주광어천국', '#협재맛집', '#협재술집', '#협재밥집', '#협재해수욕장맛집', '#금능해변맛집', '#한경면맛집', '#안덕면맛집', '#제주도회', '#제주회', '#제주광어천국_문어해물찜', '#제주도광어', '#제주도맛집추천', '#제주물회', '#협재회포장', '#제주도가볼만한곳', '#제주도여행', '#제주도숨은맛집', '#광어요리']",2020-10-05,
"['#제주도해물찜', '#제주해물찜', '#제주맛집', '#제주도맛집', '#협재해변맛집', '#협재_제주광어천국', '#협재맛집', '#협재술집', '#협재밥집', '#협재해수욕장맛집', '#금능해변맛집', '#한경면맛집', '#안덕면맛집', '#제주도회', '#제주회', '#제주광어천국_문어해물찜', '#제주도광어', '#제주도맛집추천', '#제주물회', '#협재회포장', '#제주도가볼만한곳', '#제주도여행', '#제주도숨은맛집', '#광어요리']",2020-10-05,
"['#제주도해물찜', '#제주해물찜', '#제주맛집', '#제주도맛집', '#협재해변맛집', '#협재_제주광어천국', '#협재맛집', '#협재술집', '#협재밥집', '#협재해수욕장맛집', '#금능해변맛집', '#한경면맛집', '#안덕면맛집', '#제주도회', '#제주회', '#제주광어천국_문어해물찜', '#제주도광어', '#제주도맛집추천', '#제주물회', '#협재회포장', '#제주도가볼만한곳', '#제주도여행', '#제주도숨은맛집', '#광어요리']",2020-10-05,
"['#제주도해물찜', '#제주해물찜', '#제주맛집', '#제주도맛집', '#협재해변맛집', '#협재_제주광어천국', '#협재맛집', '#협재술집', '#협재밥집', '#협재해수욕장맛집', '#금능해변맛집', '#한경면맛집', '#안덕면맛집', '#제주도회', '#제주회', '#제주광어천국_문어해물찜', '#제주도광어', '#제주도맛집추천', '#제주물회', '#협재회포장', '#제주도가볼만한곳', '#제주도여행', '#제주도숨은맛집', '#광어요리']",2020-10-05,
"['#제주도맛집추천', '#제주도가볼만한곳', '#제주도맛집까망돼지', '#서귀포흑돼지맛집', '#제주중문맛집까망돼지', '#제주도핫플레이스', '#중문고기국수맛집', '#서귀포카페까망돼지', '#제주도맛집', '#서귀포올레시장', '#휴애리맛집', '#제주이색맛집', '#제주도가볼만한곳까망돼지', '#제주도올레길', '#제주도가볼만한곳', '#제주맛집까망돼지', '#제주도맛집투어', '#제주도흑돼지맛집', '#서귀포맛집까망돼지', '#제주도갈치조림맛집', '#제주도맛집까망돼지']",2020-10-05,
"['#광고입니다', '#제주공항근처맛집', '#제주공항맛집', '#제주맛집', '#제주도맛집', '#제주도맛집추천', '#제주맛집추천', '#제주갈치조림맛집', '#제주향토음식', '#한라수목원맛집', '#제주도민맛집', '#제주순풍']",2020-10-05,
"['#애월찜', '#애월맛집', '#제주맛집', '#제주도맛집', '#제주공항근처맛집', '#맛있고', '#맵고', '#다했네', '#사장님', '#친절해요']",2020-10-05,애월해안도로
[],,
[],,
[],,
[],,
[],,
[],,
[],,
[],,
[],,
[],,
[],,
[],,
[],,
[],,
[],,
[],,
[],,
