가게명,대분류,중분류,소분류,mean_score,주소,Latitude,Longitude
상춘재,식당,한식,"돌문어 비빔밥, 게장",4.1,제주특별자치도 제주시 조천읍 선진길 26,33.4586588,126.7048435
남양수산,식당,일식,"회, 고등어",4.6,제주특별자치도 서귀포시 성산읍 고성동서로56번길 11,33.4501348,126.9142244
선흘곶,식당,한식,정통 한정식,4.5,제주특별자치도 제주시 조천읍 동백로 102,33.5081874,126.718049
스시호시카이,식당,일식,"회, 초밥, 오마카세",4.6,제주특별자치도 제주시 오남로 90,33.4812863,126.5167686
미영이네식당,식당,일식,"회, 고등어, 방어, 참치",4.5,제주특별자치도 서귀포시 대정읍 하모항구로 42,33.2176507,126.2499045
오드랑베이커리,카페,,,4.0,제주특별자치도 제주시 조천읍 조함해안로 552-3,33.5424691,126.6718069
송림반점,식당,중식,"정통 중식, 일반 중식",4.3,제주특별자치도 제주시 관덕로 2-1,33.5124146,126.5198134
피어22,식당,일식,"딱새우, 해산물",4.0,제주특별자치도 제주시 한림읍 금능7길 22 금능어촌계복지회관 잠녀의집,33.3899106,126.2278403
카페태희,카페,,,4.4,제주특별자치도 제주시 애월읍 곽지3길 27,33.4493508,126.3044233
커피파인더,카페,,,4.4,제주특별자치도 제주시 서광로32길 20,33.4985811,126.5287567
밀리우,식당,양식,"프랑스 음식, 스테이크",4.6,제주특별자치도 서귀포시 표선면 민속해안로 537 1F,33.3234478,126.8447796
엄마손횟집,식당,일식,"해산물, 회",4.5,제주특별자치도 제주시 연동3길 35,33.4866742,126.4881687
숙성도,식당,한식,흑돼지,4.4,제주특별자치도 서귀포시 일주서로 966,33.2584326,126.4353135
우진해장국,식당,한식,"고사리육개장, 몸국",4.4,제주특별자치도 제주시 서사로 11,33.5056978,126.5212945
명진전복,식당,한식,"전복, 돌솥밥, 해산물",4.4,제주특별자치도 제주시 구좌읍 해맞이해안로 1282,33.5324227,126.8498541
신산리마을카페,카페,,,4.4,제주특별자치도 서귀포시 성산읍 환해장성로 33,33.3873953,126.89172
곰막,식당,일식,"회, 해산물, 고등어",4.0,제주특별자치도 제주시 구좌읍 구좌해안로 64,33.556821,126.720503
국수만찬,식당,한식,고기국수,4.4,제주특별자치도 제주시 은남3길 1,33.4871347,126.4955611
중문수두리보말칼국수,식당,한식,칼국수,4.4,제주특별자치도 서귀포시 천제연로 190,33.2515765,126.4249651
천짓골식당,식당,한식,"돔베고기, 몸국, 수육",3.9,제주특별자치도 서귀포시 중앙로41번길 4,33.2482417,126.5613677
그리운바다성산포,식당,한식,"고등어, 갈치, 게장",4.4,제주특별자치도 서귀포시 성산읍 성산등용로 94,33.4697602,126.9300546
진아떡집,카페,,,4.1,제주특별자치도 제주시 동문로4길 7-1,33.5123688,126.5284577
애월리안,식당,양식,"이탈리아 음식, 해산물 스튜",4.4,제주특별자치도 제주시 애월읍 애원로 4,33.4640331,126.3198363
닻,식당,일식,"이자카야, 딱새우회",4.4,제주특별자치도 제주시 애월읍 가문동길 41-2,33.4860879,126.3921047
미친부엌,식당,중식,"정통중식, 초밥, 짬뽕",4.4,제주특별자치도 제주시 중앙로3길 4,33.5158227,126.5252682
더꽃돈,식당,한식,흑돼지,3.9,제주특별자치도 제주시 한림읍 한림로 328,33.3928191,126.2400862
운산식당,식당,한식,삼겹살,4.5,제주특별자치도 제주시 북성로 28,33.5159338,126.521961
넉둥베기,식당,한식,"한정식, 정통한식",4.5,제주특별자치도 제주시 서문로 9-1,33.5098237,126.512679
육고깃집,식당,한식,"고기요리, 삼겹살",4.2,제주특별자치도 제주시 한림읍 한림중앙로 34,33.411663,126.2651787
연리지가든,식당,한식,"고기요리, 삼겹살",4.3,제주특별자치도 제주시 한경면 두조로 190-20,33.3444986,126.2027639
상원가든,식당,한식,"갈비, 흑돼지",4.3,제주특별자치도 서귀포시 대정읍 송악관광로 132,33.2217486,126.2653741
TONKATSU 서황,식당,양식,"돈까스, 카츠요리",4.4,제주특별자치도 제주시 애월읍 장소로 205-2,33.4348196,126.3800658
하찌,식당,일식,"회, 스시",4.5,제주특별자치도 서귀포시 호근남로 180,33.2452489,126.5371404
표선어촌식당,식당,한식,"돔지리탕, 쥐치",4.3,제주특별자치도 서귀포시 표선면 민속해안로 578-7,33.3252433,126.8446185
범일분식,식당,한식,순대국밥,4.4,제주특별자치도 서귀포시 남원읍 태위로 658,33.2784057,126.7170064
비마이게스트,식당,양식,"버거, 샌드위치",4.3,제주특별자치도 제주시 한림읍 한림로 406 1F,33.3979874,126.2456107
제주약수터,식당,한식,"치킨, 호프",4.5,제주특별자치도 서귀포시 중앙로 35,33.2477094,126.5617231
도렐,카페,,,4.0,제주특별자치도 서귀포시 성산읍 동류암로 20,33.4500452,126.9184399
88돼지,식당,한식,"korean BBQ, 김치찌개, 흑돼지",3.9,제주특별자치도 제주시 제원길 7,33.4892185,126.4896524
칠돈가,식당,한식,"흑돼지, 근고기",3.8,제주특별자치도 제주시 남성로 43,33.5041319,126.5128129
춘심이네,식당,한식,"한정식, 생선구이, 백반",4.1,제주특별자치도 서귀포시 안덕면 창천중앙로24번길 16,33.2647393,126.3705871
오는정김밥,식당,한식,"김밥, 깻잎김밥",4.1,제주특별자치도 서귀포시 동문로 58,33.2493082,126.5665846
일통이반,식당,한식,"보말죽, 소주방",3.8,제주특별자치도 제주시 중앙로2길 19,33.5168537,126.5228957
마마롱,카페,,,4.4,제주특별자치도 제주시 애월읍 평화로 2783,33.4122084,126.393516
미남미녀,카페,,,4.5,제주특별자치도 서귀포시 색달중앙로55번길 22,33.260187,126.4123063
바그다드,식당,양식,"인도음식, 카레",4.4,제주특별자치도 제주시 서광로32길 38,33.4974851,126.5296932
맛나식당,식당,한식,"고등어, 갈치, 백반, 조림",4.0,제주특별자치도 서귀포시 성산읍 동류암로 41,33.4485794,126.9160712
친봉산장,카페,,,4.2,제주특별자치도 제주시 구좌읍 중산간동로 2281-3,33.4716199,126.7864197
어우늘,식당,한식,"전복요리, 게장, 전복죽",4.3,제주특별자치도 제주시 연북로 222,33.4810532,126.5049877
섭지코지로,식당,한식,"딱새우, 해산물",4.3,제주특별자치도 서귀포시 성산읍 섭지코지로 43,33.4385151,126.9214068
원더먼트제주 (휴업중),카페,,,4.2,제주특별자치도 제주시 조천읍 신북로 163,33.5386704,126.6458435
만선식당,식당,일식,"횟집, 고등어",3.9,제주특별자치도 서귀포시 대정읍 하모항구로 44,33.2178539,126.2499284
무거버거,식당,양식,"버거, 수제버거, 샌드위치",4.3,제주특별자치도 제주시 조천읍 조함해안로 356,33.5440366,126.6537771
포도호텔레스토랑,식당,한식,"백반, 우동, 새우튀김",4.5,제주특별자치도 서귀포시 안덕면 산록남로 863,33.3053535,126.3937346
제주맥주,식당,한식,"치킨, 호프",4.3,제주특별자치도 제주시 한림읍 금능농공길 62-11,33.3586429,126.2415545
뽈살집,식당,한식,"뽈살, 특수부위, 돼지고기",3.9,제주특별자치도 서귀포시 중정로91번길 37,33.2506684,126.5632005
우유부단,카페,,,3.8,제주특별자치도 제주시 한림읍 금악동길 38,33.3476411,126.3282653
더스푼,식당,양식,"이탈리아 음식, 파스타",4.4,제주특별자치도 제주시 구남동1길 45,33.4868872,126.5358543
맥파이 브루어리,식당,한식,"치킨, 호프, 피자, 피맥",4.3,제주특별자치도 제주시 동회천1길 23,33.5031946,126.6172668
서양차관,카페,,,4.3,제주특별자치도 서귀포시 보목포로 145,33.2420773,126.6160223
은희네해장국,식당,한식,"한식, 해장국, 탕, 전골",4.2,제주특별자치도 제주시 고마로13길 8,33.5085228,126.5408037
보롬왓 카페,카페,,,4.3,제주특별자치도 서귀포시 표선면 번영로 2350-104,33.4136187,126.7527705
No Lone Zone,카페,,,4.4,제주특별자치도 제주시 도령로 50 이화오피스텔 2F,33.4884031,126.4841476
제주돈아,식당,한식,"고기요리, 삼겹살",4.2,제주특별자치도 제주시 애월읍 중엄3길 65,33.4778891,126.3700125
시골길,식당,한식,"낙지볶음, 소면, 청국장",4.2,제주특별자치도 제주시 연동13길 9,33.4888428,126.494786
알동네집,식당,한식,"흑돼지, 고기요리",4.1,제주특별자치도 제주시 한경면 연명로 545,33.3166329,126.2675922
톰톰카레,식당,한식,"탕, 카레, 찌개, 전골",4.3,제주특별자치도 제주시 구좌읍 평대2길 39-28,33.5355012,126.8389739
경일낙지,식당,한식,"낙지볶음, 순두부, 해산물",4.2,제주특별자치도 제주시 다랑곶길 30,33.4884542,126.481045
민경이네어등포해녀촌,식당,한식,"한정식, 백반, 정통한식",4.3,제주특별자치도 제주시 구좌읍 행원로13길 131,33.5530908,126.8158105
이에르바,카페,,,4.3,제주특별자치도 제주시 조천읍 신촌남1길 33-8,33.5274997,126.6189404
미도리제주,식당,일식,정통일식,4.4,제주특별자치도 제주시 우령4길 5 1F,33.4883674,126.4304547
올래국수,식당,한식,"고기국수, 비빔국수",4.1,제주특별자치도 제주시 귀아랑길 24,33.4915004,126.4972966
수우동,식당,일식,"돈가스, 우동, 정통일식",4.0,제주특별자치도 제주시 한림읍 협재1길 11,33.3965751,126.2425147
카페가호,카페,,,4.2,제주특별자치도 제주시 애월읍 가문동상2길 35,33.484603,126.3906391
마라도횟집,식당,한식,"방어, 게장, 고등어",4.2,제주특별자치도 제주시 신광로8길 3,33.4868335,126.4895539
고등어쌈밥,식당,한식,"고등어, 매운탕, 백반",4.3,제주특별자치도 서귀포시 성산읍 섭지코지로25번길 122-5,33.4494963,126.920717
이니스프리제주하우스,카페,,,4.2,제주특별자치도 서귀포시 안덕면 신화역사로 23,33.3063942,126.2905203
고로케야,식당,일식,"고로케, 치즈고로케",4.4,제주특별자치도 제주시 가령골2길 13-20,33.5045596,126.5392839
라스 또르따스,식당,양식,"남미음식, 부리토, 타코",4.3,제주특별자치도 제주시 애월읍 애월해안로 274 1F,33.4625363,126.3099376
만세국수,식당,한식,"국밥, 잔치국수, 고기국수",4.3,제주특별자치도 제주시 오라로 156,33.4942579,126.5192756
귤하르방,카페,,,4.1,제주특별자치도 제주시 동문로 16,33.511745,126.5352249
새빌카페,카페,,,4.2,제주특별자치도 제주시 애월읍 평화로 1529,33.3643469,126.3631334
마고,카페,,,4.3,제주특별자치도 서귀포시 표선면 민속해안로 537 1F,33.3234478,126.8447796
시스터필드,카페,,,4.2,제주특별자치도 서귀포시 월드컵로 8,33.2489574,126.5073438
해심가든,식당,한식,"고기요리, 생돼지갈비",4.2,제주특별자치도 서귀포시 천제연로 203-4,33.2519011,126.4266075
다소니,식당,한식,"한정식, 백반, 정통한식",4.2,제주특별자치도 제주시 오남로6길 18-6,33.4909145,126.5171385
골막식당,식당,한식,"고기국수, 수육",4.2,제주특별자치도 제주시 천수로 12,33.5024655,126.5384668
남춘식당,식당,한식,"김밥, 국수, 콩국수",4.2,제주특별자치도 제주시 청귤로 12,33.4996504,126.5375918
도토리키친,식당,일식,"라멘, 소바, 우동",4.3,제주특별자치도 제주시 북성로 59,33.5153851,126.5186671
남경미락,식당,일식,"다금바리, 해산물요리",3.8,제주특별자치도 서귀포시 안덕면 사계남로 190-7,33.2302184,126.3089494
평대스낵,식당,한식,"분식, 떡볶이",4.2,제주특별자치도 제주시 구좌읍 대수길 7,33.5354585,126.8393287
광동식당,식당,한식,"고기요리, 두루치기, 흑돼지",4.2,제주특별자치도 서귀포시 표선면 세성로 272,33.3291472,126.7983209
오전열한시,식당,한식,전복요리,4.2,제주특별자치도 서귀포시 상예로 248,33.2667236,126.3944186
섬오름해물라면,식당,한식,전복요리,4.1,제주특별자치도 제주시 조천읍 조함해안로 355-7,33.5498566,126.65593
호자,식당,일식,카츠요리,4.3,제주특별자치도 제주시 구좌읍 세화8길 7 1F,33.5214333,126.8575777
플레이스엉물,카페,,,4.2,제주특별자치도 제주시 구좌읍 종달논길 92,33.4925079,126.898571
광명식당,식당,한식,"순대, 순대국밥, 탕",4.1,제주특별자치도 제주시 동문로4길 9,33.5120807,126.5283388
소리원,식당,중식,"정통중식, 찹쌀탕수육",4.2,제주특별자치도 제주시 연동12길 37,33.4824446,126.4932441
비브레이브,카페,,,4.2,제주특별자치도 서귀포시 신서로48번길 66,33.2524682,126.5118522
파라토도스,식당,양식,"이탈리아 요리, 샹그리아",4.2,제주특별자치도 제주시 한림읍 금능길 87,33.3891272,126.2325092
삼영식당,식당,한식,"백반, 몸국",4.3,제주특별자치도 제주시 애월읍 일주서로 6748,33.466277,126.3511114
테라로사,카페,,,3.8,제주특별자치도 서귀포시 칠십리로658번길 27-16,33.2494603,126.6187916
유동커피,카페,,,4.0,제주특별자치도 서귀포시 태평로 406-2,33.2444906,126.5638992
블랑로쉐,카페,,,3.8,제주특별자치도 제주시 우도면 우도해안길 783,33.5074342,126.954269
풍림다방,카페,,,3.9,제주특별자치도 제주시 구좌읍 중산간동로 2254,33.4715735,126.7836232
리치망고,카페,,,4.1,제주특별자치도 제주시 애월읍 애월해안로 272,33.4782235,126.3665625
버터모닝,카페,,,4.2,제주특별자치도 제주시 애월읍 하광로 279,33.4621944,126.4227085
스시애월,식당,일식,"스시 오마카세, 회",4.3,제주특별자치도 제주시 애월읍 애월로9길 50-3,33.4665125,126.3193173
재연식당,식당,한식,"고등어구이, 갈치구이, 정통 한식",4.2,제주특별자치도 제주시 구좌읍 세화3길 27-2,33.526167,126.8560604
해월정,식당,한식,"보말칼국수, 국수",3.7,제주특별자치도 제주시 구좌읍 해맞이해안로 2284,33.4968452,126.9102077
덕인당,카페,,,4.1,제주특별자치도 제주시 조천읍 신촌2길 13,33.5318754,126.6188138
돌담너머바다,식당,한식,"전복요리, 문어파스타",4.1,제주특별자치도 제주시 한경면 일주서로 4533-19,33.3654338,126.1989556
바당봉봉,카페,,,4.2,제주특별자치도 제주시 구좌읍 해맞이해안로 1170,33.5346121,126.8397373
올댓제주,식당,한식,"흑돼지, 고로케, 감바스",4.2,제주특별자치도 제주시 중앙로1길 33 1층,33.5162354,126.5284396
씨리얼,카페,,,4.3,제주특별자치도 제주시 한림읍 명랑로 26 1F,33.414175,126.267655
살롱드라방,카페,,,4.3,제주특별자치도 제주시 애월읍 하가로 146-9,33.4578708,126.3490061
와랑와랑,카페,,,4.2,제주특별자치도 서귀포시 남원읍 위미중앙로300번길 28,33.2723619,126.676564
닐모리동동,식당,양식,"이탈리아 음식, 먹물파스타",4.2,제주특별자치도 제주시 서해안로 452 오다펜션 1F,33.5176911,126.4877067
털보네고양이,식당,일식,"돈부리, 일식, 흑돼지",4.3,제주특별자치도 서귀포시 남원읍 태위로 381,33.2753832,126.6879596
봉주르마담,카페,,,4.2,제주특별자치도 서귀포시 대청로 33,33.2525789,126.50336
만월당,식당,한식,"전복요리, 전복리조또",4.2,제주특별자치도 제주시 구좌읍 월정1길 56,33.5561414,126.7930377
한라산,카페,,,4.2,제주특별자치도 제주시 구좌읍 면수1길 48,33.5247614,126.8629928
월정리로와,카페,,,4.1,제주특별자치도 제주시 구좌읍 해맞이해안로 472,33.5291668,126.8538817
솔지식당,식당,한식,"고기요리, 멜조림",4.2,제주특별자치도 제주시 신광로4길 31,33.4888132,126.4868802
941헤르츠,카페,,,3.9,제주특별자치도 제주시 원노형로 37 2F,33.4844845,126.4846156
카페록록,카페,,,4.2,제주특별자치도 제주시 구좌읍 하도서문길 41,33.528835,126.878953
카페세바,카페,,,4.3,제주특별자치도 제주시 조천읍 선흘동2길 20-9,33.5133995,126.7059905
낭뜰에쉼팡,식당,한식,"비빔밥, 된장찌개, 고등어구이",3.8,제주특별자치도 제주시 조천읍 남조로 2343,33.4845921,126.6554822
물항식당,식당,한식,"갈치, 게장",4.1,제주특별자치도 제주시 임항로 37-4,33.5169091,126.5291407
망고레이,카페,,,4.0,제주특별자치도 서귀포시 성산읍 신양로 102,33.4364202,126.9206412
성읍칠십리식당,식당,한식,"흑돼지, 삼겹살",4.1,제주특별자치도 서귀포시 표선면 성읍정의현로 74,33.3892637,126.8012691
한림칼국수,식당,한식,"보말칼국수, 닭칼국수",3.8,제주특별자치도 제주시 한림읍 한림해안로 141 1F,33.4155701,126.2615642
미엘드세화,카페,,,4.2,제주특별자치도 제주시 구좌읍 해맞이해안로 1464,33.5244778,126.8618673
김희선몸국,식당,한식,"몸국, 한정식, 백반",4.2,제주특별자치도 제주시 흥운길 73,33.5152024,126.514026
요요무문,카페,,,4.2,제주특별자치도 제주시 구좌읍 해맞이해안로 1102 2F,33.5291668,126.8538817
볕이드는곳벧디,카페,,,4.1,제주특별자치도 제주시 은수길 65,33.470619,126.4881811
그러므로Part2,카페,,,4.2,제주특별자치도 제주시 수목원길 16-14,33.4683912,126.4860864
고향생각,식당,한식,"국수, 면요리",3.8,제주특별자치도 서귀포시 동문동로 15,33.250152,126.5663433
미쿠니,카페,,,4.2,제주특별자치도 제주시 서흘길 41,33.5290689,126.5897026
클랭블루,카페,,,4.2,제주특별자치도 제주시 한경면 한경해안로 552-22,33.3439871,126.1759253
덕승식당,식당,한식,"갈치조림, 우럭매운탕",4.1,제주특별자치도 서귀포시 대정읍 하모항구로 66,33.2192451,126.2513444
티나케이크,카페,,,4.2,제주특별자치도 서귀포시 서문로 61,33.2479438,126.5569732
우도왕자,카페,,,3.9,제주특별자치도 제주시 우도면 우도해안길 252,33.5074342,126.954269
보엠,카페,,,4.1,제주특별자치도 제주시 원노형로 102,33.4795281,126.4840809
안거리밖거리,식당,한식,"한정식, 백반, 정통한식",4.1,제주특별자치도 서귀포시 솔동산로 6-1,33.244278,126.5641506
랜디스도넛,카페,,,4.1,제주특별자치도 제주시 애월읍 애월로 27-1,33.4630969,126.3173357
샤오츠,식당,중식,"중식, 기타 중식",4.2,제주특별자치도 서귀포시 성산읍 동류암로 20 Everything동 1F,33.449939,126.9183796
난드르바당,식당,한식,고기요리,4.2,제주특별자치도 서귀포시 하예하동로16번길 11-1,33.2346331,126.3712777
폼포코식당,식당,일식,"일식, 퓨전일식, 나베",4.2,제주특별자치도 서귀포시 성산읍 동류암로 20,33.4500452,126.9184399
제주스,카페,,,4.1,제주특별자치도 제주시 동문로 4,33.5128008,126.5269479
금능낙원,식당,한식,"밀면, 몸국, 흑돼지 불고기",4.1,제주특별자치도 제주시 한림읍 금능길 27,33.3874646,126.2262578
웅담,식당,한식,"국수, 면요리",4.2,제주특별자치도 제주시 한림읍 한림로5길 23,33.4146732,126.2613821
오설록티뮤지엄,카페,,,4.1,제주특별자치도 서귀포시 안덕면 신화역사로 15,33.3058932,126.289534
자매국수,식당,한식,"고기국수, 잔치국수",4.0,제주특별자치도 제주시 탑동로11길 6,33.5111504,126.5185621
네거리식당,식당,한식,"갈치조림, 갈치국",3.9,제주특별자치도 서귀포시 서문로29번길 20,33.2485206,126.559362
애월더선셋,카페,,,3.9,제주특별자치도 제주시 애월읍 일주서로 6111,33.4562197,126.3092133
이익새양과점,카페,,,4.1,제주특별자치도 제주시 한림읍 명월성로 16,33.3632853,126.2589767
명랑스낵,식당,한식,"분식, 떡볶이, 한치튀김",3.9,제주특별자치도 제주시 한림읍 한림로 585,33.4092824,126.2588312
니모메빈티지라운지,카페,,,4.2,제주특별자치도 제주시 일주서로 7335-8,33.4937504,126.4300165
목포고을,식당,한식,"고기요리, 흑돼지",4.0,제주특별자치도 서귀포시 일주서로 968-5,33.2584159,126.4071294
제주흑돈세상수라간,식당,한식,흑돼지,4.2,제주특별자치도 서귀포시 중산간동로 8051,33.2639747,126.5566914
태광식당,식당,한식,"두루치기, 한치주물럭",3.9,제주특별자치도 제주시 탑동로 144,33.5126043,126.5188652
바람벽에흰당나귀,카페,,,4.0,제주특별자치도 제주시 구좌읍 동복로 11,33.5538497,126.7076684
경미네 집,식당,한식,"라면, 해산물 요리",4.0,제주특별자치도 서귀포시 성산읍 일출로 259,33.4612504,126.9334723
제주오성,식당,한식,"전복요리, 갈치, 해산물 요리",4.2,제주특별자치도 서귀포시 중문관광로 31,33.2554085,126.4145582
핀크스비오토피아,식당,양식,"이탈리안 요리, 코스요리",4.0,제주특별자치도 서귀포시 안덕면 산록남로762번길 79,33.3036005,126.39036
탑해장국,식당,한식,"탕, 찌개, 전골",4.1,제주특별자치도 제주시 월랑로 83,33.4917374,126.472442
오가네설렁탕,식당,한식,"설렁탕, 전복요리",4.1,제주특별자치도 서귀포시 중산간동로 7738 1F,33.2681801,126.5891564
공백,카페,,,4.1,제주특별자치도 제주시 구좌읍 동복로 83,33.5535179,126.7151174
아줄레주,카페,,,4.2,제주특별자치도 서귀포시 성산읍 신풍하동로19번길 59 나동,33.3643757,126.8395566
양가형제,식당,양식,"버거, 수제버거, 샌드위치",4.0,제주특별자치도 제주시 한경면 청수동8길 3,33.3073725,126.2540944
레이지펌프,카페,,,4.1,제주특별자치도 제주시 애월읍 애월북서길 32,33.462809,126.3096777
미풍해장국,식당,한식,"해장국, 선지해장국",3.7,제주특별자치도 제주시 중앙로14길 13,33.5112617,126.5229262
안녕육지사람,식당,양식,"버거, 수제버거, 샌드위치",4.1,제주특별자치도 제주시 우도면 우도해안길 792,33.5151156,126.9572423
용왕난드르,식당,한식,"보말수제비, 비빔밥, 국수",4.1,제주특별자치도 서귀포시 안덕면 대평감산로 8,33.2354335,126.3670703
면뽑는선생만두빚는아내,식당,한식,"밀면, 만두, 전골",4.1,제주특별자치도 제주시 한림읍 한림상로 16,33.404813,126.2571296
산방식당,식당,한식,"수육, 밀면",3.8,제주특별자치도 서귀포시 대정읍 하모이삼로 62,33.223395,126.2543017
사형제횟집,식당,일식,"회, 고등어",4.0,제주특별자치도 제주시 한림읍 한림북동길 2,33.4155004,126.2648928
옥돔식당,식당,한식,"보말칼국수, 옥돔",3.8,제주특별자치도 서귀포시 대정읍 신영로36번길 62,33.2199418,126.2490877
유스커피,카페,,,4.3,제주특별자치도 제주시 구산로 54,33.48433,126.5407264
스타벅스,카페,,,4.1,제주특별자치도 제주시 조천읍 조함해안로 522,33.5440366,126.6537771
델문도,카페,,,3.8,제주특별자치도 제주시 조천읍 조함해안로 519-10,33.5437905,126.6688441
깡촌흑돼지,식당,한식,"흑돼지, 고기요리",4.0,제주특별자치도 제주시 조천읍 함덕14길 2,33.5412881,126.6671156
가시아방국수,식당,한식,"고기국수, 면요리",4.0,제주특별자치도 서귀포시 성산읍 섭지코지로 10,33.438616,126.918065
바다다,카페,,,3.7,제주특별자치도 서귀포시 대포로 148-15,33.2378889,126.4365638
리듬,카페,,,4.1,제주특별자치도 제주시 무근성 7길 11,33.5138019,126.5198694
하하호호,식당,양식,"버거, 샌드위치",4.0,제주특별자치도 제주시 우도면 우도해안길 532,33.5208272,126.948574
심바카레,식당,일식,"일본카레, 돈부리",4.1,제주특별자치도 제주시 애월읍 금성5길 44-16,33.4482312,126.302319
카페공작소,카페,,,4.1,제주특별자치도 제주시 구좌읍 해맞이해안로 1446,33.5246476,126.8599392
너는파라다이스길리,카페,,,4.2,제주특별자치도 제주시 구좌읍 월정1길 65,33.5566513,126.7937413
더파크뷰,카페,,,4.2,제주특별자치도 서귀포시 중문관광로72번길 75 3F,33.2475582,126.4081161
지미스,카페,,,4.0,제주특별자치도 제주시 우도면 우도해안길 1132,33.4977772,126.9676695
스테이굿무드,카페,,,3.9,제주특별자치도 제주시 용남1길 32-4,33.5064078,126.513593
우정회센터,식당,한식,"꽁치김밥, 회, 해산물 요리",4.0,제주특별자치도 서귀포시 중앙로62번길 18,33.2501708,126.5636786
커피박물관바움,카페,,,4.0,제주특별자치도 서귀포시 성산읍 서성일로1168번길 89-17,33.4398006,126.8991174
원앤온리,카페,,,4.0,제주특별자치도 서귀포시 안덕면 산방로 141,33.23923,126.3192943
자매국수 본점,식당,한식,"고기국수, 돔베고기",4.1,제주특별자치도 제주시 일도2동 1034-10,33.5081461,126.5324273
가시아방,식당,한식,"고기국수, 아강발",3.9,제주특별자치도 서귀포시 성산읍 고성리 528-2,33.4388359,126.9187849
앤트러사이트 제주한림점,카페,,,3.8,제주특별자치도 제주시 한림읍 동명리 1715,33.4076458,126.2581716
돈사돈 본관,식당,한식,"근고기, 흑돼지",3.6,제주특별자치도 제주시 노형동 3086-3,33.4788707,126.4640837
은희네해장국 본점,식당,한식,"소고기 해장국, 해장국",3.6,제주특별자치도 제주시 일도2동 357-4,33.5085228,126.5408037
순옥이네명가,식당,한식,"전복뚝배기, 전복물회",3.6,제주특별자치도 제주시 도두1동 2615-5,33.5055582,126.4650641
경미네집,식당,한식,"문어라면, 해물라면",3.5,제주특별자치도 서귀포시 성산읍 성산리 145-4,33.4612504,126.9334723
리치망고 본점,카페,,,3.4,제주특별자치도 제주시 애월읍 고내리 474-1,33.4683713,126.3402434
구좌상회,카페,,,3.4,제주특별자치도 제주시 구좌읍 월정리 417,33.5468086,126.7838117
도두해녀의집,식당,한식,"물회, 한치, 전복죽",3.4,제주특별자치도 제주시 도두1동 2587-4,33.5062012,126.4666854
늘봄흑돼지,식당,한식,"흑돼지, 흑돼지 삼겹살",3.4,제주특별자치도 제주시 노형동 2343-3,33.4795151,126.4729821
용이식당,식당,한식,두루치기,3.4,제주도 서귀포시 천지동 298-8,33.2512764,126.5603458
동복리 해녀촌,식당,한식,"회국수, 성게국수",3.4,제주도 제주시 구좌읍 동복리 1506,33.553627,126.7104349
면뽑는선생 만두빚는아내,식당,한식,"만두, 한우수육",3.4,제주특별자치도 제주시 한림읍 협재리 1398 아길라호텔 1층,33.399925,126.2495196
쌍둥이횟집,식당,일식,"횟집, 고등어회",3.4,제주도 서귀포시 서귀동 496-18,33.246589,126.5629979
김희선 몸국,식당,한식,"몸국, 고사리 육개장",3.4,제주특별자치도 제주시 용담3동 1174-1,33.5187327,126.4954179
봄날 카페,카페,,,3.4,제주특별자치도 제주시 애월읍 애월리 2540,33.4624594,126.3095913
바다속고등어쌈밥,식당,한식,"고등어쌈밥, 고등어 조림",3.3,제주특별자치도 제주시 애월읍 하귀리 1548,33.4863013,126.4087743
밥깡패,식당,양식,"커리, 파스타",3.3,제주특별자치도 제주시 한림읍 한림리 1534-6,33.4101259,126.263442
오설록 티 뮤지엄,카페,,,3.2,제주도 서귀포시 안덕면 서광리 1235-3,33.305789,126.2894477
고집돌우럭 제주공항점,식당,한식,"우럭조림, 갈치조림",2.3,제주특별자치도 제주시 건입동 1319-124,33.5163432,126.5281752
제주김만복,식당,한식,"전복김밥, 오징어무침",3.2,제주특별자치도 서귀포시 강정동 707-2,33.232737,126.506316
흑돈가 제주본점,식당,한식,"흑돼지, 멜젓",3.2,제주도 제주시 노형동 1509,33.4800314,126.4735975
아라파파,카페,,,3.2,제주도 제주시 연동 1498-2,33.4787871,126.4903725
국수바다,식당,한식,"성게국수, 국수",3.2,제주특별자치도 서귀포시 색달동 2130,33.2586303,126.4060656
제주김만복 본점,식당,한식,"전복김밥, 오징어무침",3.2,제주특별자치도 제주시 오라3동 2250-1,33.4970489,126.5087309
수두리보말칼국수,식당,한식,톳보말칼국수,3.2,제주특별자치도 서귀포시 중문동 2056-2,33.2515572,126.4250625
미영이네 식당,식당,한식,"고등어탕, 고등어회",3.2,제주 서귀포시 대정읍 하모리 770-29,33.2176507,126.2499045
운정이네,식당,한식,"오분자기돌솥밥, 전복뚝배기",3.2,제주특별자치도 서귀포시 중문동 1239-5,33.2635619,126.4378075
하이엔드 제주,카페,,,3.2,제주특별자치도 제주시 애월읍 애월리 2550-2,33.4637734,126.3092905
놀맨,식당,한식,"문어라면, 해물라면",3.2,제주특별자치도 제주시 애월읍 애월리 2530,33.4624642,126.3102678
춘미향,식당,한식,"벵에돔, 두루치기",3.2,제주특별자치도 서귀포시 안덕면 사계리 2674-1,33.2313355,126.2964001
산도롱 맨도롱,식당,한식,"갈비국수, 고기국수",3.1,제주특별자치도 제주시 구좌읍 종달리 484-1,33.4921891,126.9097197
공천포식당,식당,한식,"한치물회, 물회",3.1,제주도 서귀포시 남원읍 신례리 27-5,33.2664055,126.6426731
마농치킨,식당,한식,마늘치킨,3.1,제주특별자치도 서귀포시 서귀동 278-10,33.2504227,126.5629266
협재해녀의집,식당,한식,해물라면,3.1,제주특별자치도 제주시 한림읍 협재리 1459-2,33.3988321,126.2440116
고객식당,식당,한식,갈치조림,3.1,제주도 제주시 이도1동 1436-7 동문시장 내 1층,33.5115818,126.526099
풍원,식당,한식,"한라산 볶음밥, 한치주물럭",3.1,제주특별자치도 제주시 우도면 연평리 2427-1,33.508338,126.9441293
신설오름,식당,한식,"몸국, 돔베고기",3.0,제주 제주시 일도2동 409-5,33.505459,126.5416299
우정회센타,식당,한식,"공치김밥, 고등어회",3.0,제주도 서귀포시 서귀동 276-6,33.2493117,126.5631433
협재칼국수,식당,한식,"보말칼국수, 칼국수",3.0,제주특별자치도 제주시 한림읍 협재리 1908-2,33.3968233,126.2445723
벵디,식당,한식,"돌문어덮밥, 흑돼지간장덮밥",3.0,제주특별자치도 제주시 구좌읍 평대리 2031-2,33.5377667,126.8372139
오조 해녀의 집,식당,한식,전복죽,3.0,제주특별자치도 서귀포시 성산읍 오조리 3,33.4698069,126.9223318
모살물,식당,한식,"객주리조림, 횟집",3.0,제주특별자치도 제주시 연동 291-10,33.4904731,126.4945135
그리운바다 성산포,식당,일식,"고등어회, 갈치회",3.0,제주특별자치도 서귀포시 성산읍 성산리 360-10,33.4697602,126.9300546
카페 공작소,카페,,,3.0,제주특별자치도 제주시 구좌읍 세화리 1477-4,33.5246648,126.8599306
산방산초가집,식당,한식,전복해물전골,3.0,제주특별자치도 서귀포시 안덕면 화순리 421-1,33.2455947,126.3387238
월정리갈비밥,식당,한식,"갈비, 갈비밥",3.0,제주특별자치도 제주시 구좌읍 월정리 8-1,33.5548185,126.7969015
저팔계 깡통연탄구이,식당,한식,"흑돼지, 생오겹살",3.0,제주특별자치도 제주시 조천읍 함덕리 1271,33.541698,126.666754
가시식당,식당,한식,"몸국, 두루치기",3.0,제주도 서귀포시 표선면 가시리 1898,33.3530664,126.7713119
닐모리 동동,카페,,,3.0,제주도 제주시 용담3동 2396 (오다펜션 1F),33.5176911,126.4877067
사랑분식,식당,한식,"모닥치기, 떡볶이",3.0,제주특별자치도 제주시 일도1동 1144-2,33.512638,126.5281163
연미정,식당,한식,전복돌솥밥,3.0,제주특별자치도 제주시 구좌읍 세화리 3648-4,33.5244604,126.8536124
잠녀해녀촌,식당,한식,"성게보말죽, 소라물회",3.0,제주특별자치도 제주시 조천읍 함덕리 3150-2,33.5465655,126.6596397
88버거,식당,양식,수제버거,2.9,제주특별자치도 서귀포시 서귀동 255-9,33.2492549,126.5672067
살롱 드 라방,카페,,,2.9,제주특별자치도 제주시 애월읍 하가리 1415,33.4578708,126.3490061
성읍 칠십리식당,식당,한식,"흑돼지, 꿩",2.9,제주특별자치도 서귀포시 표선면 성읍리 580,33.4112985,126.7819256
제주시새우리,식당,한식,"딱새우, 전복김밥",2.9,제주특별자치도 제주시 삼도2동 1098-3,33.5146713,126.5205015
다정이네,식당,한식,"김밥, 멸치김밥, 분식",2.9,제주특별자치도 서귀포시 서귀동 255-7,33.2494552,126.5669792
파도소리해녀촌,식당,한식,"보말칼국수, 보말죽",2.8,제주특별자치도 제주시 우도면 874-2,33.5064911,126.953361
